timestamp,voltage,frequency,cell_signal,outage_label
2026-08-10 18:34:41,215.5,55.43,-103,1
2026-08-10 18:34:51,214.6,52.45,-103,1
2026-08-10 18:35:02,218.2,49.95,-104,0
2026-08-10 18:35:12,216.5,49.83,-105,0
2026-08-10 18:35:22,216.6,54.23,-105,1
2026-08-10 18:35:32,211.5,50.09,-105,0
2026-08-10 18:35:43,215.7,49.85,-105,0
2026-08-10 18:35:53,218.8,50.29,-105,0
2026-08-10 18:36:03,219.7,50.19,-104,0
2026-08-10 18:36:13,218.7,54.89,-104,1
2026-08-10 18:36:23,217.4,50.42,-104,0
2026-08-10 18:36:33,220.6,50.19,-103,0
2026-08-10 18:36:43,219.6,49.84,-103,0
2026-08-10 18:36:53,218.8,50.23,-103,0
2026-08-10 18:37:03,219.5,49.84,-103,0
2026-08-10 18:37:14,222.3,50.21,-104,0
2026-08-10 18:37:24,221.8,50.38,-104,0
2026-08-10 18:37:34,221.4,50.23,-105,0
2026-08-10 18:37:44,221.4,49.84,-105,0
2026-08-10 18:37:54,223.6,50.44,-104,0
2026-08-10 18:38:05,224.3,50.13,-105,0
2026-08-10 18:38:15,221.9,50.21,-104,0
2026-08-10 18:38:25,222.1,51.93,-104,1
2026-08-10 18:38:35,220.8,50.33,-104,0
2026-08-10 18:38:46,222.1,50.22,-106,0
2026-08-10 18:38:56,222.0,49.84,-106,0
2026-08-10 18:39:06,221.5,50.16,-106,0
2026-08-10 18:39:16,221.6,49.83,-109,0
2026-08-10 18:39:26,222.0,56.24,-109,1
2026-08-10 18:39:37,222.9,49.96,-112,0
2026-08-10 18:39:47,224.8,51.94,-109,1
2026-08-10 18:39:57,223.6,49.75,-100,0
2026-08-10 18:40:07,223.3,49.86,-100,0
2026-08-10 18:40:18,221.8,53.72,-101,1
2026-08-10 18:40:28,223.0,50.2,-100,0
2026-08-10 18:40:38,224.1,50.19,-101,0
2026-08-10 18:40:48,223.0,55.34,-100,1
2026-08-10 18:40:59,224.0,50.22,-100,0
2026-08-10 18:41:09,223.4,50.12,-100,0
2026-08-10 18:41:19,223.3,49.83,-102,0
2026-08-10 18:41:29,223.0,50.22,-101,0
2026-08-10 18:41:39,226.1,49.98,-101,0
2026-08-10 18:41:50,223.7,50.22,-105,0
2026-08-10 18:42:00,220.3,49.86,-105,0
2026-08-10 18:42:10,221.7,50.2,-105,0
2026-08-10 18:42:20,223.4,49.82,-105,0
2026-08-10 18:42:30,221.6,49.84,-104,0
2026-08-10 18:42:40,222.9,50.23,-105,0
2026-08-10 18:42:50,219.9,50.24,-105,0
2026-08-10 18:43:00,225.5,49.47,-105,0
2026-08-10 18:43:11,223.4,51.56,-104,1
2026-08-10 18:43:22,223.7,50.0,-102,0
2026-08-10 18:43:32,223.6,49.86,-103,0
2026-08-10 18:43:42,223.6,49.84,-104,0
2026-08-10 18:43:52,223.0,50.39,-104,0
2026-08-10 18:44:02,223.8,50.0,-104,0
2026-08-10 18:44:13,220.3,49.83,-105,0
2026-08-10 18:44:23,222.8,50.59,-108,0
2026-08-10 18:44:33,222.0,55.55,-105,1
2026-08-10 18:44:43,222.1,50.12,-106,0
2026-08-10 18:44:54,224.1,49.85,-106,0
2026-08-10 18:45:04,222.8,49.84,-104,0
2026-08-10 18:45:14,222.9,50.22,-104,0
2026-08-10 18:45:24,223.5,52.34,-105,1
2026-08-10 18:45:34,224.7,49.83,-106,0
2026-08-10 18:45:44,223.6,54.66,-106,1
2026-08-10 18:45:55,220.8,55.7,-106,1
2026-08-10 18:46:05,222.0,50.21,-106,0
2026-08-10 18:46:15,224.1,49.85,-105,0
2026-08-10 18:46:25,221.5,50.77,-105,0
2026-08-10 18:46:35,223.7,50.19,-106,0
2026-08-10 18:46:45,221.6,50.2,-106,0
2026-08-10 18:46:55,221.1,49.85,-106,0
2026-08-10 18:47:06,224.1,56.24,-106,1
2026-08-10 18:47:16,222.0,50.0,-106,0
2026-08-10 18:47:26,222.5,49.85,-106,0
2026-08-10 18:47:36,222.5,49.83,-103,0
2026-08-10 18:47:38,222.00,50.27,-103,0
2026-08-10 18:47:39,221.80,50.21,-103,0
2026-08-10 18:47:41,223.50,49.83,-103,0
2026-08-10 18:47:43,221.90,49.84,-103,0
2026-08-10 18:47:45,221.70,49.82,-103,0
2026-08-10 18:47:47,224.90,50.43,-103,0
2026-08-10 18:47:49,222.20,49.83,-103,0
2026-08-10 18:47:51,221.70,50.01,-105,0
2026-08-10 18:47:53,223.50,49.85,-105,0
2026-08-10 18:47:55,219.90,50.20,-105,0
2026-08-10 18:47:57,223.30,49.82,-105,0
2026-08-10 18:47:59,225.30,51.02,-105,0
2026-08-10 18:48:01,221.90,50.21,-105,0
2026-08-10 18:48:03,227.60,49.67,-105,0
2026-08-10 18:48:05,222.60,50.00,-105,0
2026-08-10 18:48:07,221.00,49.83,-105,0
2026-08-10 18:48:09,222.80,49.84,-105,0
2026-08-10 18:48:11,219.00,56.07,-105,1
2026-08-10 18:48:13,223.10,56.63,-105,1
2026-08-10 18:48:15,226.50,62.66,-103,1
2026-08-10 18:48:17,222.70,55.13,-103,1
2026-08-10 18:48:19,223.70,54.22,-103,1
2026-08-10 18:48:21,222.30,53.80,-103,1
2026-08-10 18:48:23,222.70,52.97,-103,1
2026-08-10 18:48:25,220.50,52.85,-103,1
2026-08-10 18:48:27,222.90,52.53,-103,1
2026-08-10 18:48:29,221.60,55.11,-103,1
2026-08-10 18:48:31,221.50,52.35,-103,1
2026-08-10 18:48:33,222.90,52.49,-105,1
2026-08-10 18:48:35,221.80,52.77,-105,1
2026-08-10 18:48:37,223.10,52.86,-105,1
2026-08-10 18:48:39,223.20,53.37,-106,1
2026-08-10 18:48:41,222.50,53.58,-106,1
2026-08-10 18:48:43,222.20,53.57,-106,1
2026-08-10 18:48:45,223.10,53.95,-106,1
2026-08-10 18:48:47,222.80,53.80,-106,1
2026-08-10 18:48:49,225.50,54.06,-106,1
2026-08-10 18:48:51,222.20,57.11,-105,1
2026-08-10 18:48:53,225.10,54.49,-105,1
2026-08-10 18:48:55,223.00,53.27,-105,1
2026-08-10 18:48:57,223.60,52.74,-105,1
2026-08-10 18:48:59,222.30,52.30,-105,1
2026-08-10 18:49:01,222.80,50.97,-105,0
2026-08-10 18:49:03,221.40,50.22,-105,0
2026-08-10 18:49:05,222.50,49.85,-107,0
2026-08-10 18:49:07,225.00,49.85,-107,0
2026-08-10 18:49:09,222.20,50.23,-107,0
2026-08-10 18:49:11,222.70,50.01,-107,0
2026-08-10 18:49:13,223.40,50.18,-107,0
2026-08-10 18:49:15,219.20,50.11,-107,0
2026-08-10 18:49:17,222.40,50.23,-107,0
2026-08-10 18:49:19,219.10,50.19,-107,0
2026-08-10 18:49:21,223.10,49.82,-107,0
2026-08-10 18:49:23,221.60,49.86,-107,0
2026-08-10 18:49:25,222.60,49.85,-107,0
2026-08-10 18:49:27,223.20,49.85,-107,0
2026-08-10 18:49:29,221.90,50.22,-107,0
2026-08-10 18:49:31,224.20,49.85,-107,0
2026-08-10 18:49:33,225.30,49.57,-107,0
2026-08-10 18:49:35,223.40,49.83,-108,0
2026-08-10 18:49:37,225.00,50.29,-108,0
2026-08-10 18:49:39,223.90,50.19,-108,0
2026-08-10 18:49:42,222.20,50.19,-107,0
2026-08-10 18:49:43,223.90,50.22,-107,0
2026-08-10 18:49:45,225.50,50.26,-107,0
2026-08-10 18:49:47,220.10,50.22,-107,0
2026-08-10 18:49:49,223.80,49.99,-107,0
2026-08-10 18:49:51,224.10,49.85,-107,0
2026-08-10 18:49:53,224.10,50.49,-107,0
2026-08-10 18:49:55,223.70,52.15,-107,1
2026-08-10 18:49:57,221.60,54.34,-107,1
2026-08-10 18:49:59,224.20,57.14,-107,1
2026-08-10 18:50:01,220.60,49.80,-107,0
2026-08-10 18:50:03,223.10,49.82,-107,0
2026-08-10 18:50:05,222.30,49.86,-107,0
2026-08-10 18:50:07,223.60,50.00,-107,0
2026-08-10 18:50:09,221.20,50.23,-107,0
2026-08-10 18:50:11,223.10,50.23,-107,0
2026-08-10 18:50:13,222.40,50.22,-107,0
2026-08-10 18:50:15,221.30,49.96,-107,0
2026-08-10 18:50:17,221.30,50.30,-107,0
2026-08-10 18:50:19,221.50,50.20,-107,0
2026-08-10 18:50:21,222.70,50.16,-105,0
2026-08-10 18:50:23,224.60,50.17,-105,0
2026-08-10 18:50:25,223.30,52.86,-105,1
2026-08-10 18:50:27,224.10,52.33,-105,1
2026-08-10 18:50:29,222.70,54.23,-105,1
2026-08-10 18:50:31,222.90,54.88,-105,1
2026-08-10 18:50:33,222.90,56.60,-105,1
2026-08-10 18:50:35,223.20,49.86,-105,0
2026-08-10 18:50:37,224.10,50.84,-106,0
2026-08-10 18:50:39,223.80,49.11,-106,0
2026-08-10 18:50:41,222.20,50.20,-106,0
2026-08-10 18:50:43,221.90,50.22,-106,0
2026-08-10 18:50:45,220.70,49.74,-104,0
2026-08-10 18:50:47,222.50,49.65,-104,0
2026-08-10 18:50:49,224.10,50.29,-104,0
2026-08-10 18:50:51,223.30,49.92,-104,0
2026-08-10 18:50:53,222.30,49.82,-104,0
2026-08-10 18:50:55,223.50,50.30,-104,0
2026-08-10 18:50:57,221.40,49.85,-104,0
2026-08-10 18:50:59,223.00,50.13,-104,0
2026-08-10 18:51:01,221.70,50.31,-104,0
2026-08-10 18:51:03,222.30,49.75,-104,0
2026-08-10 18:51:05,223.20,50.21,-104,0
2026-08-10 18:51:07,223.30,49.95,-104,0
2026-08-10 18:51:09,222.30,50.21,-104,0
2026-08-10 18:51:11,223.70,49.48,-103,0
2026-08-10 18:51:17,224.00,49.85,-103,0
2026-08-10 18:51:19,225.80,50.01,-103,0
2026-08-10 18:51:21,223.30,50.21,-103,0
2026-08-10 18:51:23,221.80,49.70,-103,0
2026-08-10 18:51:25,222.30,50.18,-104,0
2026-08-10 18:51:27,221.00,49.85,-104,0
2026-08-10 18:51:29,221.90,50.22,-104,0
2026-08-10 18:51:31,221.80,49.85,-104,0
2026-08-10 18:51:33,222.90,50.20,-104,0
2026-08-10 18:51:35,222.80,49.82,-104,0
2026-08-10 18:51:37,218.50,49.85,-104,0
2026-08-10 18:51:39,222.30,50.22,-104,0
2026-08-10 18:51:41,221.40,50.52,-104,0
2026-08-10 18:51:43,221.90,54.43,-104,1
2026-08-10 18:51:45,222.20,55.86,-104,1
2026-08-10 18:51:47,221.50,50.20,-104,0
2026-08-10 18:51:49,220.40,50.15,-104,0
2026-08-10 18:51:51,223.70,49.83,-104,0
2026-08-10 18:51:53,221.30,50.62,-104,0
2026-08-10 18:51:55,223.20,49.86,-104,0
2026-08-10 18:51:57,225.70,50.03,-104,0
2026-08-10 18:51:59,222.50,50.22,-104,0
2026-08-10 18:52:01,223.10,50.65,-104,0
2026-08-10 18:52:03,221.00,53.79,-104,1
2026-08-10 18:52:05,223.10,57.24,-104,1
2026-08-10 18:52:07,220.80,50.00,-104,0
2026-08-10 18:52:09,222.50,50.32,-104,0
2026-08-10 18:52:11,224.30,50.02,-104,0
2026-08-10 18:52:13,222.10,50.36,-104,0
2026-08-10 18:52:15,225.00,49.38,-104,0
2026-08-10 18:52:17,223.10,49.87,-104,0
2026-08-10 18:52:19,225.50,50.18,-104,0
2026-08-10 18:52:21,222.20,51.74,-104,1
2026-08-10 18:52:23,223.70,54.31,-104,1
2026-08-10 18:52:25,223.10,50.10,-104,0
2026-08-10 18:52:27,220.20,49.81,-106,0
2026-08-10 18:52:29,222.90,49.48,-106,0
2026-08-10 18:52:31,221.00,49.83,-106,0
2026-08-10 18:52:33,223.00,49.84,-106,0
2026-08-10 18:52:35,222.70,49.84,-106,0
2026-08-10 18:52:37,223.90,49.83,-106,0
2026-08-10 18:52:39,223.20,49.83,-106,0
2026-08-10 18:52:41,222.60,49.85,-106,0
2026-08-10 18:52:43,225.60,50.20,-106,0
2026-08-10 18:52:45,224.00,50.06,-106,0
2026-08-10 18:52:47,222.60,49.82,-106,0
2026-08-10 18:52:49,223.20,50.28,-106,0
2026-08-10 18:52:51,223.80,50.33,-104,0
2026-08-10 18:52:53,221.90,49.96,-104,0
2026-08-10 18:52:55,223.00,50.30,-104,0
2026-08-10 18:52:57,221.90,50.30,-104,0
2026-08-10 18:52:59,223.30,49.70,-104,0
2026-08-10 18:53:01,224.60,49.83,-104,0
2026-08-10 18:53:03,223.80,50.42,-104,0
2026-08-10 18:53:05,223.10,49.13,-104,0
2026-08-10 18:53:07,223.80,49.82,-104,0
2026-08-10 18:53:09,223.10,50.18,-104,0
2026-08-10 18:53:11,223.20,50.23,-104,0
2026-08-10 18:53:13,223.70,49.84,-104,0
2026-08-10 18:53:15,221.60,49.85,-103,0
2026-08-10 18:53:17,223.80,49.82,-103,0
2026-08-10 18:53:19,224.90,49.83,-103,0
2026-08-10 18:53:21,222.00,49.87,-103,0
2026-08-10 18:53:23,223.60,50.16,-103,0
2026-08-10 18:53:25,222.80,50.52,-103,0
2026-08-10 18:53:27,226.80,49.59,-103,0
2026-08-10 18:53:29,222.70,51.55,-103,1
2026-08-10 18:53:31,218.60,50.90,-103,0
2026-08-10 18:53:33,223.70,56.45,-103,1
2026-08-10 18:53:35,225.80,54.48,-103,1
2026-08-10 18:53:37,223.40,54.43,-103,1
2026-08-10 18:53:39,223.90,54.02,-103,1
2026-08-10 18:53:41,223.20,53.48,-103,1
2026-08-10 18:53:44,222.90,52.75,-103,1
2026-08-10 18:53:46,221.50,52.54,-104,1
2026-08-10 18:53:47,222.40,51.93,-104,1
2026-08-10 18:53:49,221.00,51.52,-104,1
2026-08-10 18:53:53,225.70,50.71,-104,0
2026-08-10 18:53:55,223.10,51.71,-104,1
2026-08-10 18:53:57,224.40,51.06,-104,0
2026-08-10 18:53:59,222.80,50.76,-104,0
2026-08-10 18:54:01,221.10,50.01,-104,0
2026-08-10 18:54:03,223.50,50.21,-105,0
2026-08-10 18:54:05,225.30,50.36,-105,0
2026-08-10 18:54:07,222.80,50.22,-105,0
2026-08-10 18:54:09,223.70,49.84,-105,0
2026-08-10 18:54:11,223.90,49.85,-105,0
2026-08-10 18:54:13,223.00,50.21,-105,0
2026-08-10 18:54:15,222.30,50.12,-105,0
2026-08-10 18:54:17,222.20,50.21,-106,0
2026-08-10 18:54:19,222.10,51.59,-106,1
2026-08-10 18:54:21,221.40,52.48,-106,1
2026-08-10 18:54:23,221.90,53.95,-106,1
2026-08-10 18:54:25,223.10,55.33,-106,1
2026-08-10 18:54:27,222.40,56.82,-106,1
2026-08-10 18:54:29,223.20,50.22,-103,0
2026-08-10 18:54:31,224.00,49.83,-103,0
2026-08-10 18:54:33,223.10,49.83,-103,0
2026-08-10 18:54:35,223.20,49.47,-103,0
2026-08-10 18:54:37,223.40,50.13,-103,0
2026-08-10 18:54:39,223.30,49.85,-103,0
2026-08-10 18:54:41,224.10,49.84,-103,0
2026-08-10 18:54:43,222.90,49.82,-103,0
2026-08-10 18:54:45,222.00,49.84,-103,0
2026-08-10 18:54:47,223.50,49.85,-105,0
2026-08-10 18:54:49,221.00,49.84,-105,0
2026-08-10 18:54:51,223.00,49.84,-105,0
2026-08-10 18:54:53,225.50,50.15,-107,0
2026-08-10 18:54:55,223.10,50.22,-107,0
2026-08-10 18:54:57,226.10,50.00,-107,0
2026-08-10 18:54:59,223.60,49.99,-107,0
2026-08-10 18:55:01,222.80,50.01,-107,0
2026-08-10 18:55:03,222.80,50.54,-107,0
2026-08-10 18:55:05,220.80,50.58,-110,0
2026-08-10 18:55:07,218.20,52.63,-110,1
2026-08-10 18:55:09,217.30,64.55,-110,1
2026-08-10 18:55:11,218.80,57.19,-110,1
2026-08-10 18:55:13,219.30,50.19,-113,0
2026-08-10 18:55:15,217.30,49.83,-113,0
2026-08-10 18:55:17,218.30,49.86,-113,0
2026-08-10 18:55:19,218.90,50.01,-106,0
2026-08-10 18:55:21,219.40,50.20,-106,0
2026-08-10 18:55:23,220.50,49.83,-106,0
2026-08-10 18:55:25,218.90,49.86,-106,0
2026-08-10 18:55:27,219.70,50.02,-106,0
2026-08-10 18:55:29,217.90,50.20,-106,0
2026-08-10 18:55:31,222.70,51.43,-109,0
2026-08-10 18:55:33,220.50,54.43,-109,1
2026-08-10 18:55:35,218.80,55.98,-109,1
2026-08-10 18:55:37,219.50,49.81,-109,0
2026-08-10 18:55:39,217.60,49.47,-109,0
2026-08-10 18:55:41,219.00,50.21,-109,0
2026-08-10 18:55:43,217.80,49.84,-109,0
2026-08-10 18:55:45,219.60,49.85,-109,0
2026-08-10 18:55:47,217.00,49.83,-109,0
2026-08-10 18:55:49,217.50,49.84,-105,0
2026-08-10 18:55:51,217.70,49.80,-105,0
2026-08-10 18:55:53,215.50,49.84,-105,0
2026-08-10 18:55:55,217.60,49.85,-103,0
2026-08-10 18:55:57,218.50,50.38,-103,0
2026-08-10 18:55:59,217.30,49.85,-103,0
2026-08-10 18:56:01,220.50,47.42,-103,1
2026-08-10 18:56:03,217.80,50.22,-103,0
2026-08-10 18:56:05,216.70,50.23,-103,0
2026-08-10 18:56:07,217.10,49.85,-105,0
2026-08-10 18:56:09,218.50,49.71,-105,0
2026-08-10 18:56:11,217.90,50.20,-105,0
2026-08-10 18:56:13,216.80,49.84,-105,0
2026-08-10 18:56:16,218.30,49.83,-105,0
2026-08-10 18:56:17,217.10,50.21,-105,0
2026-08-10 18:56:19,219.10,49.83,-107,0
2026-08-10 18:56:21,217.50,49.85,-107,0
2026-08-10 18:56:23,217.30,50.23,-107,0
2026-08-10 18:56:25,218.60,50.21,-107,0
2026-08-10 18:56:27,219.00,50.18,-107,0
2026-08-10 18:56:29,218.30,50.22,-107,0
2026-08-10 18:56:31,216.70,50.20,-106,0
2026-08-10 18:56:33,217.50,49.81,-106,0
2026-08-10 18:56:35,218.00,52.58,-106,1
2026-08-10 18:56:37,218.30,55.35,-106,1
2026-08-10 18:56:39,217.40,50.36,-106,0
2026-08-10 18:56:41,216.10,49.82,-106,0
2026-08-10 18:56:43,216.40,50.04,-106,0
2026-08-10 18:56:45,217.30,49.85,-106,0
2026-08-10 18:56:47,214.00,50.02,-106,0
2026-08-10 18:56:49,216.60,50.03,-105,0
2026-08-10 18:56:51,217.10,50.22,-105,0
2026-08-10 18:56:53,216.90,49.97,-105,0
2026-08-10 18:56:55,217.60,50.87,-104,0
2026-08-10 18:56:57,215.50,51.20,-104,0
2026-08-10 18:56:59,216.90,53.89,-104,1
2026-08-10 18:57:01,211.80,55.01,-104,1
2026-08-10 18:57:03,216.60,56.83,-104,1
2026-08-10 18:57:05,215.60,49.58,-104,0
2026-08-10 18:57:07,218.20,49.85,-108,0
2026-08-10 18:57:09,217.50,50.51,-108,0
2026-08-10 18:57:11,217.10,49.86,-108,0
2026-08-10 18:57:13,214.40,49.81,-108,0
2026-08-10 18:57:15,216.60,50.22,-108,0
2026-08-10 18:57:17,216.50,49.83,-108,0
2026-08-10 18:57:19,216.10,49.86,-108,0
2026-08-10 18:57:21,212.40,50.20,-106,0
2026-08-10 18:57:23,216.30,49.84,-106,0
2026-08-10 18:57:25,216.70,56.42,-106,1
2026-08-10 18:57:27,219.50,55.94,-106,1
2026-08-10 18:57:29,216.50,54.54,-106,1
2026-08-10 18:57:31,213.40,53.65,-106,1
2026-08-10 18:57:33,216.40,52.83,-107,1
2026-08-10 18:57:35,216.80,51.99,-107,1
2026-08-10 18:57:37,216.30,51.11,-107,0
2026-08-10 18:57:39,216.30,49.99,-107,0
2026-08-10 18:57:41,215.40,50.64,-107,0
2026-08-10 18:57:43,215.50,50.80,-107,0
2026-08-10 18:57:45,215.60,49.66,-107,0
2026-08-10 18:57:47,214.80,50.97,-107,0
2026-08-10 18:57:49,216.50,50.66,-107,0
2026-08-10 18:57:51,216.40,50.40,-106,0
2026-08-10 18:57:53,217.20,49.84,-106,0
2026-08-10 18:57:55,217.80,49.30,-106,0
2026-08-10 18:57:57,215.20,50.32,-106,0
2026-08-10 18:57:59,217.50,49.81,-105,0
2026-08-10 18:58:01,216.20,49.75,-105,0
2026-08-10 18:58:03,217.10,50.12,-105,0
2026-08-10 18:58:05,214.80,50.27,-105,0
2026-08-10 18:58:07,217.30,51.90,-105,1
2026-08-10 18:58:09,218.40,51.64,-105,1
2026-08-10 18:58:11,217.50,51.61,-106,1
2026-08-10 18:58:13,217.40,52.09,-106,1
2026-08-10 18:58:15,216.90,52.34,-106,1
2026-08-10 18:58:17,215.90,53.03,-106,1
2026-08-10 18:58:19,217.80,53.51,-106,1
2026-08-10 18:58:21,219.60,54.73,-106,1
2026-08-10 18:58:23,217.30,54.32,-107,1
2026-08-10 18:58:25,219.30,50.65,-107,0
2026-08-10 18:58:27,217.70,50.57,-107,0
2026-08-10 18:58:29,219.50,49.90,-107,0
2026-08-10 18:58:31,216.50,49.99,-107,0
2026-08-10 18:58:33,218.10,50.09,-107,0
2026-08-10 18:58:35,217.60,50.17,-107,0
2026-08-10 18:58:37,218.90,49.79,-109,0
2026-08-10 18:58:39,221.60,50.83,-109,0
2026-08-10 18:58:41,219.20,49.87,-109,0
2026-08-10 18:58:43,218.00,50.10,-109,0
2026-08-10 18:58:45,217.90,51.05,-109,0
2026-08-10 18:58:47,217.40,53.07,-109,1
2026-08-10 18:58:49,217.90,55.46,-109,1
2026-08-10 18:58:51,216.90,49.64,-109,0
2026-08-10 18:58:53,217.50,49.98,-105,0
2026-08-10 18:58:55,215.60,50.07,-105,0
2026-08-10 18:58:57,217.20,50.21,-105,0
2026-08-10 18:58:59,218.90,50.01,-105,0
2026-08-10 18:59:01,218.60,49.98,-105,0
2026-08-10 18:59:03,217.30,49.92,-105,0
2026-08-10 18:59:05,214.10,50.82,-105,0
2026-08-10 18:59:07,217.90,51.28,-105,0
2026-08-10 18:59:09,217.80,54.45,-105,1
2026-08-10 18:59:11,219.20,49.66,-105,0
2026-08-10 18:59:21,218.10,50.15,-105,0
2026-08-10 18:59:25,218.00,56.94,-106,1
2026-08-10 18:59:29,216.10,50.38,-106,0
2026-08-10 18:59:31,219.40,49.92,-106,0
2026-08-10 18:59:33,219.30,50.13,-106,0
2026-08-10 18:59:35,215.60,49.83,-106,0
2026-08-10 18:59:37,217.80,49.97,-106,0
2026-08-10 18:59:39,215.50,50.20,-107,0
2026-08-10 18:59:41,218.50,51.99,-107,1
2026-08-10 18:59:43,217.60,53.69,-107,1
2026-08-10 18:59:45,214.30,55.92,-107,1
2026-08-10 18:59:47,219.30,49.56,-107,0
2026-08-10 18:59:49,218.00,50.21,-107,0
2026-08-10 18:59:51,220.10,49.98,-107,0
2026-08-10 18:59:53,220.70,50.11,-107,0
2026-08-10 18:59:55,219.70,52.58,-108,1
2026-08-10 18:59:57,216.70,50.31,-108,0
2026-08-10 18:59:59,217.40,50.00,-108,0
2026-08-10 19:00:01,217.30,50.00,-108,0
2026-08-10 19:00:03,216.10,50.08,-108,0
2026-08-10 19:00:05,217.50,50.12,-108,0
2026-08-10 19:00:07,218.60,50.22,-108,0
2026-08-10 19:00:10,216.00,50.20,-108,0
2026-08-10 19:00:11,216.20,50.77,-108,0
2026-08-10 19:00:13,216.30,51.98,-108,1
2026-08-10 19:00:15,217.30,53.17,-107,1
2026-08-10 19:00:17,215.30,54.75,-107,1
2026-08-10 19:00:19,216.90,55.33,-107,1
2026-08-10 19:00:21,218.10,56.09,-107,1
2026-08-10 19:00:23,217.50,55.99,-107,1
2026-08-10 19:00:25,215.30,55.44,-107,1
2026-08-10 19:00:27,219.00,52.96,-107,1
2026-08-10 19:00:29,218.80,52.66,-104,1
2026-08-10 19:00:31,217.80,51.05,-104,0
2026-08-10 19:00:33,217.40,49.48,-104,0
2026-08-10 19:00:35,215.70,49.83,-104,0
2026-08-10 19:00:37,216.00,50.20,-104,0
2026-08-10 19:00:39,215.40,50.20,-104,0
2026-08-10 19:00:41,216.50,49.85,-105,0
2026-08-10 19:00:43,217.80,50.19,-105,0
2026-08-10 19:00:45,218.00,49.92,-105,0
2026-08-10 19:00:47,212.50,49.83,-105,0
2026-08-10 19:00:49,217.40,54.74,-105,1
2026-08-10 19:00:52,218.50,51.00,-105,0
2026-08-10 19:00:53,217.60,49.86,-105,0
2026-08-10 19:00:55,218.00,50.11,-105,0
2026-08-10 19:00:57,218.60,50.20,-105,0
2026-08-10 19:00:59,217.60,50.01,-106,0
2026-08-10 19:01:01,218.10,50.03,-106,0
2026-08-10 19:01:04,223.50,54.29,-108,1
2026-08-10 19:01:05,218.70,49.71,-108,0
2026-08-10 19:01:07,218.50,49.45,-108,0
2026-08-10 19:01:09,218.20,50.23,-108,0
2026-08-10 19:01:11,218.60,49.64,-108,0
2026-08-10 19:01:13,218.00,49.90,-108,0
2026-08-10 19:01:15,218.10,55.87,-108,1
2026-08-10 19:01:17,217.40,51.70,-104,1
2026-08-10 19:01:19,219.10,49.81,-104,0
2026-08-10 19:01:21,218.90,50.01,-104,0
2026-08-10 19:01:23,219.60,49.84,-104,0
2026-08-10 19:01:25,225.00,50.00,-104,0
2026-08-10 19:01:27,222.60,49.94,-104,0
2026-08-10 19:01:29,220.40,49.57,-104,0
2026-08-10 19:01:31,223.20,49.85,-106,0
2026-08-10 19:01:33,221.90,49.45,-106,0
2026-08-10 19:01:35,222.80,49.84,-106,0
2026-08-10 19:01:37,224.00,50.30,-106,0
2026-08-10 19:01:39,223.70,54.31,-106,1
2026-08-10 19:01:41,224.80,49.90,-106,0
2026-08-10 19:01:43,221.90,50.20,-110,0
2026-08-10 19:01:45,223.40,50.10,-110,0
2026-08-10 19:01:47,224.50,50.03,-110,0
2026-08-10 19:01:49,226.80,54.16,-110,1
2026-08-10 19:01:51,221.20,49.78,-110,0
2026-08-10 19:01:53,225.00,49.85,-110,0
2026-08-10 19:01:55,222.10,49.65,-110,0
2026-08-10 19:01:57,222.90,54.09,-110,1
2026-08-10 19:01:59,223.80,49.79,-104,0
2026-08-10 19:02:01,222.70,49.84,-104,0
2026-08-10 19:02:03,222.80,49.82,-104,0
2026-08-10 19:02:05,221.60,55.56,-104,1
2026-08-10 19:02:07,226.10,49.49,-104,0
2026-08-10 19:02:09,223.20,49.85,-104,0
2026-08-10 19:02:11,223.20,49.47,-104,0
2026-08-10 19:02:13,223.10,53.00,-104,1
2026-08-10 19:02:15,222.90,49.84,-104,0
2026-08-10 19:02:17,222.90,49.67,-104,0
2026-08-10 19:02:19,222.00,49.85,-105,0
2026-08-10 19:02:21,224.10,50.21,-105,0
2026-08-10 19:02:23,219.50,49.49,-105,0
2026-08-10 19:02:25,220.60,49.88,-105,0
2026-08-10 19:02:27,217.80,53.40,-105,1
2026-08-10 19:02:29,220.60,49.87,-105,0
2026-08-10 19:02:31,223.10,49.80,-105,0
2026-08-10 19:02:33,222.10,49.83,-105,0
2026-08-10 19:02:35,222.70,50.87,-105,0
2026-08-10 19:02:37,220.90,49.85,-105,0
2026-08-10 19:02:39,223.80,49.16,-105,0
2026-08-10 19:02:41,222.70,50.22,-105,0
2026-08-10 19:02:43,223.40,55.04,-105,1
2026-08-10 19:02:45,224.00,50.22,-105,0
2026-08-10 19:02:47,223.30,49.85,-105,0
2026-08-10 19:02:49,222.40,49.83,-105,0
2026-08-10 19:02:51,220.00,50.00,-105,0
2026-08-10 19:02:53,221.80,53.75,-105,1
2026-08-10 19:02:55,223.70,50.31,-105,0
2026-08-10 19:02:57,222.20,50.22,-105,0
2026-08-10 19:02:59,219.50,50.29,-104,0
2026-08-10 19:03:01,222.90,50.20,-104,0
2026-08-10 19:03:03,225.80,49.77,-104,0
2026-08-10 19:03:05,223.60,49.89,-104,0
2026-08-10 19:03:07,223.70,54.42,-104,1
2026-08-10 19:03:09,222.50,51.86,-104,1
2026-08-10 19:03:11,223.30,49.84,-104,0
2026-08-10 19:03:13,220.40,49.84,-104,0
2026-08-10 19:03:15,223.00,50.04,-104,0
2026-08-10 19:03:17,222.40,49.84,-104,0
2026-08-10 19:03:19,222.50,50.18,-104,0
2026-08-10 19:03:21,223.70,50.45,-104,0
2026-08-10 19:03:23,222.50,50.20,-104,0
2026-08-10 19:03:25,221.20,57.10,-104,1
2026-08-10 19:03:27,225.00,53.52,-104,1
2026-08-10 19:03:29,222.80,50.49,-104,0
2026-08-10 19:03:31,221.80,49.84,-104,0
2026-08-10 19:03:33,228.10,49.77,-105,0
2026-08-10 19:03:35,222.60,50.23,-105,0
2026-08-10 19:03:37,223.70,49.85,-105,0
2026-08-10 19:03:39,222.90,49.78,-105,0
2026-08-10 19:03:41,221.90,50.14,-105,0
2026-08-10 19:03:43,223.80,49.76,-105,0
2026-08-10 19:03:45,225.50,49.96,-105,0
2026-08-10 19:03:47,222.40,49.63,-105,0
2026-08-10 19:03:49,222.60,49.86,-105,0
2026-08-10 19:03:51,222.50,56.90,-105,1
2026-08-10 19:03:53,222.00,55.78,-105,1
2026-08-10 19:03:55,221.20,54.71,-105,1
2026-08-10 19:03:57,223.10,53.38,-105,1
2026-08-10 19:03:59,224.70,52.58,-105,1
2026-08-10 19:04:01,222.90,53.79,-105,1
2026-08-10 19:04:03,218.60,51.29,-104,0
2026-08-10 19:04:05,222.40,50.39,-104,0
2026-08-10 19:04:07,221.30,50.78,-104,0
2026-08-10 19:04:09,220.70,49.91,-104,0
2026-08-10 19:04:11,218.90,49.62,-104,0
2026-08-10 19:04:13,222.20,49.83,-104,0
2026-08-10 19:04:15,227.80,50.30,-104,0
2026-08-10 19:04:17,221.50,50.08,-104,0
2026-08-10 19:04:19,222.40,49.86,-104,0
2026-08-10 19:04:21,223.70,51.36,-104,0
2026-08-10 19:04:23,223.10,49.85,-104,0
2026-08-10 19:04:25,222.80,50.38,-104,0
2026-08-10 19:04:27,223.70,50.22,-104,0
2026-08-10 19:04:29,223.00,51.86,-104,1
2026-08-10 19:04:31,223.30,49.81,-104,0
2026-08-10 19:04:33,222.80,50.28,-104,0
2026-08-10 19:04:35,222.30,49.83,-104,0
2026-08-10 19:04:37,222.40,50.31,-104,0
2026-08-10 19:04:39,223.70,49.72,-104,0
2026-08-10 19:04:41,219.90,56.56,-104,1
2026-08-10 19:04:43,222.50,55.33,-104,1
2026-08-10 19:04:46,223.20,54.22,-104,1
2026-08-10 19:04:47,223.40,53.17,-104,1
2026-08-10 19:04:49,225.60,51.70,-104,1
2026-08-10 19:04:51,223.00,50.78,-104,0
2026-08-10 19:04:53,222.70,50.40,-104,0
2026-08-10 19:04:55,221.30,49.82,-104,0
2026-08-10 19:04:57,222.70,49.85,-104,0
2026-08-10 19:04:59,225.50,50.23,-105,0
2026-08-10 19:05:01,221.70,50.20,-105,0
2026-08-10 19:05:03,228.80,45.82,-105,1
2026-08-10 19:05:05,222.50,50.22,-105,0
2026-08-10 19:05:07,220.70,50.06,-105,0
2026-08-10 19:05:09,222.00,50.23,-105,0
2026-08-10 19:05:11,221.90,49.85,-105,0
2026-08-10 19:05:13,222.60,49.84,-105,0
2026-08-10 19:05:15,219.60,50.00,-105,0
2026-08-10 19:05:17,222.20,49.84,-104,0
2026-08-10 19:05:19,222.60,49.84,-104,0
2026-08-10 19:05:21,222.10,55.34,-104,1
2026-08-10 19:05:23,224.00,53.14,-104,1
2026-08-10 19:05:25,221.60,51.73,-104,1
2026-08-10 19:05:27,222.60,49.81,-104,0
2026-08-10 19:05:29,219.30,49.84,-104,0
2026-08-10 19:05:31,221.50,49.85,-104,0
2026-08-10 19:05:33,224.30,50.49,-104,0
2026-08-10 19:05:35,222.10,50.06,-104,0
2026-08-10 19:05:37,222.00,50.18,-104,0
2026-08-10 19:05:39,221.40,49.86,-104,0
2026-08-10 19:05:41,223.70,50.11,-105,0
2026-08-10 19:05:43,222.50,49.85,-105,0
2026-08-10 19:05:45,227.70,50.69,-105,0
2026-08-10 19:05:47,222.50,49.86,-105,0
2026-08-10 19:05:49,221.30,49.86,-105,0
2026-08-10 19:05:51,222.40,50.19,-105,0
2026-08-10 19:05:53,221.40,50.19,-105,0
2026-08-10 19:05:55,223.00,49.85,-104,0
2026-08-10 19:05:57,222.60,50.21,-104,0
2026-08-10 19:05:59,223.80,50.08,-104,0
2026-08-10 19:06:01,224.50,50.22,-104,0
2026-08-10 19:06:03,215.50,50.27,-104,0
2026-08-10 19:06:05,221.80,50.19,-104,0
2026-08-10 19:06:07,223.20,49.90,-104,0
2026-08-10 19:06:09,221.00,51.04,-104,0
2026-08-10 19:06:11,218.60,50.58,-104,0
2026-08-10 19:06:13,222.50,52.01,-104,1
2026-08-10 19:06:15,221.00,55.64,-104,1
2026-08-10 19:06:17,222.10,50.12,-105,0
2026-08-10 19:06:19,222.90,49.38,-105,0
2026-08-10 19:06:21,221.70,50.58,-105,0
2026-08-10 19:06:23,222.10,50.20,-105,0
2026-08-10 19:06:25,220.70,49.85,-105,0
2026-08-10 19:06:27,220.90,49.86,-105,0
2026-08-10 19:06:29,226.10,50.18,-105,0
2026-08-10 19:06:31,222.50,50.22,-105,0
2026-08-10 19:06:33,226.30,49.43,-105,0
2026-08-10 19:06:35,222.10,51.55,-105,1
2026-08-10 19:06:37,219.70,55.26,-105,1
2026-08-10 19:06:39,223.30,50.20,-105,0
2026-08-10 19:06:41,220.30,50.25,-105,0
2026-08-10 19:06:43,222.70,50.20,-104,0
2026-08-10 19:06:45,224.30,50.24,-104,0
2026-08-10 19:06:47,222.60,50.39,-104,0
2026-08-10 19:06:49,227.40,56.06,-104,1
2026-08-10 19:06:51,223.60,49.84,-104,0
2026-08-10 19:06:53,223.30,50.23,-104,0
2026-08-10 19:06:55,221.90,49.97,-105,0
2026-08-10 19:06:57,224.50,53.80,-105,1
2026-08-10 19:06:59,221.40,49.86,-105,0
2026-08-10 19:07:01,224.20,50.21,-105,0
2026-08-10 19:07:03,222.70,50.21,-105,0
2026-08-10 19:07:05,221.30,50.23,-105,0
2026-08-10 19:07:07,217.80,50.43,-105,0
2026-08-10 19:07:09,223.90,50.19,-105,0
2026-08-10 19:07:11,222.30,51.65,-105,1
2026-08-10 19:07:13,223.80,49.81,-105,0
2026-08-10 19:07:15,224.20,50.20,-105,0
2026-08-10 19:07:17,223.90,49.48,-104,0
2026-08-10 19:07:19,230.50,53.84,-104,1
2026-08-10 19:07:22,224.20,50.20,-104,0
2026-08-10 19:07:23,223.90,49.86,-104,0
2026-08-10 19:07:25,224.70,50.43,-104,0
2026-08-10 19:07:27,223.40,57.19,-104,1
2026-08-10 19:07:29,225.60,50.55,-104,0
2026-08-10 19:07:31,223.60,49.85,-104,0
2026-08-10 19:07:33,221.50,50.08,-104,0
2026-08-10 19:07:35,223.60,56.72,-105,1
2026-08-10 19:07:37,222.80,49.96,-105,0
2026-08-10 19:07:39,223.30,51.76,-105,1
2026-08-10 19:07:41,223.70,50.67,-105,0
2026-08-10 19:07:43,223.00,54.87,-105,1
2026-08-10 19:07:45,223.20,50.22,-105,0
2026-08-10 19:07:47,223.20,51.75,-104,1
2026-08-10 19:07:49,222.60,49.82,-104,0
2026-08-10 19:07:51,223.30,50.59,-104,0
2026-08-10 19:07:53,223.20,49.70,-104,0
2026-08-10 19:07:55,222.20,49.56,-104,0
2026-08-10 19:07:57,224.50,50.19,-104,0
2026-08-10 19:07:59,223.80,49.80,-103,0
2026-08-10 19:08:01,223.20,49.85,-103,0
2026-08-10 19:08:03,228.40,49.47,-103,0
2026-08-10 19:08:05,223.10,50.19,-103,0
2026-08-10 19:08:07,219.30,49.79,-103,0
2026-08-10 19:08:09,224.00,49.86,-103,0
2026-08-10 19:08:11,220.10,49.50,-103,0
2026-08-10 19:08:13,224.40,49.75,-103,0
2026-08-10 19:08:15,224.20,54.41,-103,1
2026-08-10 19:08:17,222.70,51.73,-104,1
2026-08-10 19:08:19,225.40,49.97,-104,0
2026-08-10 19:08:21,223.40,49.85,-104,0
2026-08-10 19:08:23,222.40,49.84,-103,0
2026-08-10 19:08:25,222.40,50.20,-103,0
2026-08-10 19:08:27,223.10,49.85,-103,0
2026-08-10 19:08:29,222.60,50.27,-103,0
2026-08-10 19:08:31,223.20,50.22,-103,0
2026-08-10 19:08:33,225.40,49.72,-103,0
2026-08-10 19:08:35,224.10,53.86,-103,1
2026-08-10 19:08:37,218.50,50.09,-103,0
2026-08-10 19:08:39,224.20,50.51,-103,0
2026-08-10 19:08:41,228.80,53.21,-103,1
2026-08-10 19:08:43,223.00,49.85,-103,0
2026-08-10 19:08:45,224.70,50.22,-103,0
2026-08-10 19:08:47,224.30,52.77,-103,1
2026-08-10 19:08:49,224.10,49.46,-106,0
2026-08-10 19:08:51,225.50,50.13,-106,0
2026-08-10 19:08:53,223.50,50.18,-106,0
2026-08-10 19:08:55,222.20,55.76,-106,1
2026-08-10 19:08:57,224.30,49.83,-106,0
2026-08-10 19:08:59,223.90,49.85,-106,0
2026-08-10 19:09:01,223.90,49.19,-105,0
2026-08-10 19:09:03,221.30,49.64,-105,0
2026-08-10 19:09:05,223.70,49.89,-105,0
2026-08-10 19:09:07,220.30,54.86,-105,1
2026-08-10 19:09:09,223.80,50.01,-105,0
2026-08-10 19:09:11,223.10,51.97,-105,1
2026-08-10 19:09:13,229.50,49.78,-105,0
2026-08-10 19:09:20,225.30,49.85,-105,0
2026-08-10 19:09:21,223.00,50.14,-105,0
2026-08-10 19:09:23,223.30,49.86,-106,0
2026-08-10 19:09:25,222.50,49.61,-106,0
2026-08-10 19:09:27,222.80,50.22,-106,0
2026-08-10 19:09:29,223.10,56.12,-106,1
2026-08-10 19:09:31,223.00,52.12,-106,1
2026-08-10 19:09:33,223.10,49.45,-106,0
2026-08-10 19:09:35,223.40,50.00,-106,0
2026-08-10 19:09:37,225.00,49.70,-106,0
2026-08-10 19:09:39,222.10,50.09,-106,0
2026-08-10 19:09:41,224.70,50.00,-106,0
2026-08-10 19:09:43,224.50,56.67,-106,1
2026-08-10 19:09:45,224.20,52.73,-106,1
2026-08-10 19:09:47,225.90,49.24,-106,0
2026-08-10 19:09:49,223.20,50.11,-106,0
2026-08-10 19:09:51,223.30,49.79,-106,0
2026-08-10 19:09:53,222.60,49.85,-106,0
2026-08-10 19:09:55,220.60,49.46,-106,0
2026-08-10 19:09:57,223.90,49.86,-106,0
2026-08-10 19:09:59,223.90,50.20,-106,0
2026-08-10 19:10:01,224.20,56.10,-101,1
2026-08-10 19:10:03,224.90,52.94,-101,1
2026-08-10 19:10:05,222.60,50.24,-101,0
2026-08-10 19:10:07,223.80,49.81,-101,0
2026-08-10 19:10:09,222.80,49.83,-101,0
2026-08-10 19:10:11,222.50,50.40,-101,0
2026-08-10 19:10:13,224.90,49.86,-105,0
2026-08-10 19:10:15,222.90,49.83,-105,0
2026-08-10 19:10:17,222.00,49.74,-105,0
2026-08-10 19:10:19,223.20,49.81,-105,0
2026-08-10 19:10:21,225.10,49.82,-105,0
2026-08-10 19:10:23,223.80,49.86,-105,0
2026-08-10 19:10:25,223.30,49.83,-105,0
2026-08-10 19:10:27,225.30,49.81,-105,0
2026-08-10 19:10:29,223.30,50.20,-105,0
2026-08-10 19:10:31,220.00,50.15,-105,0
2026-08-10 19:10:33,225.90,50.19,-105,0
2026-08-10 19:10:35,224.30,50.19,-105,0
2026-08-10 19:10:37,224.10,49.86,-105,0
2026-08-10 19:10:39,226.70,49.73,-105,0
2026-08-10 19:10:41,226.40,49.14,-105,0
2026-08-10 19:10:43,227.90,49.21,-105,0
2026-08-10 19:10:45,223.00,49.90,-105,0
2026-08-10 19:10:47,223.30,49.68,-105,0
2026-08-10 19:10:49,223.50,49.99,-105,0
2026-08-10 19:10:51,224.10,49.86,-105,0
2026-08-10 19:10:53,226.10,50.25,-105,0
2026-08-10 19:10:55,223.90,50.57,-104,0
2026-08-10 19:10:57,226.30,51.81,-104,1
2026-08-10 19:10:59,223.30,50.21,-104,0
2026-08-10 19:11:01,220.40,51.79,-104,1
2026-08-10 19:11:03,221.20,54.01,-104,1
2026-08-10 19:11:05,223.90,50.03,-104,0
2026-08-10 19:11:07,221.00,49.97,-106,0
2026-08-10 19:11:09,223.00,49.88,-106,0
2026-08-10 19:11:11,226.80,50.61,-106,0
2026-08-10 19:11:13,224.90,49.95,-106,0
2026-08-10 19:11:17,224.70,50.19,-106,0
2026-08-10 19:11:19,225.70,49.88,-106,0
2026-08-10 19:11:21,224.40,50.41,-106,0
2026-08-10 19:11:23,222.60,53.66,-105,1
2026-08-10 19:11:30,223.20,50.05,-104,0
2026-08-10 19:11:31,223.40,49.91,-104,0
2026-08-10 19:11:33,224.70,49.87,-104,0
2026-08-10 19:11:35,223.70,51.32,-104,0
2026-08-10 19:11:37,225.20,50.08,-104,0
2026-08-10 19:11:39,224.20,49.48,-104,0
2026-08-10 19:11:41,225.30,50.82,-104,0
2026-08-10 19:11:43,224.90,49.94,-104,0
2026-08-10 19:11:45,223.70,50.15,-104,0
2026-08-10 19:11:47,224.40,54.40,-106,1
2026-08-10 19:11:49,224.60,49.62,-106,0
2026-08-10 19:11:51,222.60,50.16,-106,0
2026-08-10 19:11:53,223.50,50.31,-106,0
2026-08-10 19:11:55,225.20,52.71,-106,1
2026-08-10 19:11:57,223.90,54.55,-106,1
2026-08-10 19:11:59,225.40,50.00,-106,0
2026-08-10 19:12:01,224.40,50.03,-106,0
2026-08-10 19:12:03,226.80,49.71,-106,0
2026-08-10 19:12:05,224.20,50.43,-106,0
2026-08-10 19:12:07,227.00,50.94,-106,0
2026-08-10 19:12:09,224.20,52.29,-106,1
2026-08-10 19:12:11,219.00,49.87,-106,0
2026-08-10 19:12:13,223.90,50.01,-106,0
2026-08-10 19:12:15,220.30,50.05,-106,0
2026-08-10 19:12:17,223.20,49.99,-999,0
2026-08-10 19:12:19,223.60,50.07,-999,0
2026-08-10 19:12:21,224.10,55.16,-999,1
2026-08-10 19:12:23,223.70,49.48,-999,0
2026-08-10 19:12:25,224.10,49.96,-999,0
2026-08-10 19:12:27,223.70,50.32,-999,0
2026-08-10 19:12:29,221.00,50.36,-999,0
2026-08-10 19:12:31,224.30,52.86,-999,1
2026-08-10 19:12:33,226.10,56.52,-999,1
2026-08-10 19:12:35,223.90,50.21,-104,0
2026-08-10 19:12:37,226.20,49.80,-104,0
2026-08-10 19:12:39,225.30,50.06,-104,0
2026-08-10 19:12:41,225.30,49.79,-105,0
2026-08-10 19:12:43,223.80,52.95,-105,1
2026-08-10 19:12:45,223.90,56.33,-105,1
2026-08-10 19:12:47,226.50,50.22,-105,0
2026-08-10 19:12:50,223.90,49.83,-105,0
2026-08-10 19:12:51,226.00,49.85,-105,0
2026-08-10 19:12:53,225.30,50.19,-105,0
2026-08-10 19:12:55,226.40,51.61,-105,1
2026-08-10 19:12:57,225.10,53.98,-105,1
2026-08-10 19:12:59,227.10,50.10,-105,0
2026-08-10 19:13:01,225.30,49.84,-105,0
2026-08-10 19:13:03,219.70,49.65,-105,0
2026-08-10 19:13:05,225.20,50.19,-105,0
2026-08-10 19:13:07,225.70,50.15,-105,0
2026-08-10 19:13:09,224.10,51.16,-105,0
2026-08-10 19:13:11,224.40,56.26,-105,1
2026-08-10 19:13:13,225.20,49.86,-105,0
2026-08-10 19:13:15,223.60,50.58,-105,0
2026-08-10 19:13:17,227.20,49.65,-105,0
2026-08-10 19:13:19,225.40,51.70,-105,1
2026-08-10 19:13:22,224.00,50.37,-105,0
2026-08-10 19:13:23,225.50,50.20,-105,0
2026-08-10 19:13:25,222.10,50.97,-105,0
2026-08-10 19:13:27,224.30,51.13,-105,0
2026-08-10 19:13:29,224.30,52.80,-105,1
2026-08-10 19:13:31,224.10,51.94,-105,1
2026-08-10 19:13:33,225.80,51.68,-105,1
2026-08-10 19:13:35,223.70,51.14,-105,0
2026-08-10 19:13:37,222.10,51.39,-105,0
2026-08-10 19:13:39,222.40,49.83,-104,0
2026-08-10 19:13:41,224.90,50.05,-104,0
2026-08-10 19:13:43,227.00,49.95,-104,0
2026-08-10 19:13:45,224.60,49.83,-104,0
2026-08-10 19:13:47,220.80,50.25,-104,0
2026-08-10 19:13:49,224.30,49.84,-104,0
2026-08-10 19:13:51,223.20,53.72,-103,1
2026-08-10 19:13:53,224.10,49.85,-103,0
2026-08-10 19:13:55,222.80,49.85,-103,0
2026-08-10 19:13:57,226.40,49.49,-103,0
2026-08-10 19:13:59,224.70,51.90,-103,1
2026-08-10 19:14:01,223.70,50.22,-103,0
2026-08-10 19:14:03,223.70,49.73,-103,0
2026-08-10 19:14:05,222.90,57.00,-103,1
2026-08-10 19:14:07,224.30,49.84,-103,0
2026-08-10 19:14:09,222.60,49.86,-103,0
2026-08-10 19:14:12,224.20,49.84,-103,0
2026-08-10 19:14:13,223.00,53.81,-103,1
2026-08-10 19:14:15,222.80,49.73,-103,0
2026-08-10 19:14:17,223.40,49.89,-103,0
2026-08-10 19:14:19,222.50,56.01,-103,1
2026-08-10 19:14:21,223.30,50.10,-103,0
2026-08-10 19:14:23,223.70,49.83,-103,0
2026-08-10 19:14:25,224.20,49.49,-103,0
2026-08-10 19:14:27,224.50,55.30,-103,1
2026-08-10 19:14:29,224.30,49.85,-103,0
2026-08-10 19:14:31,225.50,50.24,-103,0
2026-08-10 19:14:33,224.20,49.83,-104,0
2026-08-10 19:14:35,224.80,54.62,-104,1
2026-08-10 19:14:39,225.90,50.11,-103,0
2026-08-10 19:14:41,223.90,49.84,-103,0
2026-08-10 19:14:43,228.00,51.74,-103,1
2026-08-10 19:14:47,214.60,50.00,-103,0
2026-08-10 19:14:49,222.30,50.17,-103,0
2026-08-10 19:14:51,223.50,55.64,-103,1
2026-08-10 19:14:53,220.10,49.83,-103,0
2026-08-10 19:14:55,224.20,49.84,-103,0
2026-08-10 19:14:57,226.20,49.73,-103,0
2026-08-10 19:14:59,222.00,54.50,-104,1
2026-08-10 19:15:01,224.90,49.79,-104,0
2026-08-10 19:15:03,222.60,49.83,-104,0
2026-08-10 19:15:05,223.90,49.48,-104,0
2026-08-10 19:15:07,224.30,50.05,-104,0
2026-08-10 19:15:09,225.70,56.19,-104,1
2026-08-10 19:15:11,223.60,51.77,-104,1
2026-08-10 19:15:13,223.00,49.87,-104,0
2026-08-10 19:15:15,223.00,49.82,-104,0
2026-08-10 19:15:17,220.00,50.27,-104,0
2026-08-10 19:15:19,223.60,50.24,-104,0
2026-08-10 19:15:21,225.10,49.66,-104,0
2026-08-10 19:15:23,228.90,56.84,-104,1
2026-08-10 19:15:25,223.20,52.20,-104,1
2026-08-10 19:15:27,216.40,49.99,-104,0
2026-08-10 19:15:29,221.10,50.31,-104,0
2026-08-10 19:15:31,222.10,50.05,-104,0
2026-08-10 19:15:33,224.30,50.08,-104,0
2026-08-10 19:15:35,223.00,55.54,-104,1
2026-08-10 19:15:40,224.10,49.98,-104,0
2026-08-10 19:15:41,225.70,50.54,-104,0
2026-08-10 19:15:43,223.20,55.47,-103,1
2026-08-10 19:15:45,225.50,51.36,-103,0
2026-08-10 19:15:47,223.50,50.01,-103,0
2026-08-10 19:15:49,220.10,49.85,-103,0
2026-08-10 19:15:51,226.10,49.34,-103,0
2026-08-10 19:15:53,223.60,53.70,-103,1
2026-08-10 19:15:55,224.40,49.84,-105,0
2026-08-10 19:15:57,226.50,49.84,-105,0
2026-08-10 19:15:59,223.60,50.00,-105,0
2026-08-10 19:16:01,224.30,49.61,-105,0
2026-08-10 19:16:03,225.10,49.85,-105,0
2026-08-10 19:16:05,223.90,50.19,-105,0
2026-08-10 19:16:07,225.00,49.96,-104,0
2026-08-10 19:16:09,224.60,49.84,-104,0
2026-08-10 19:16:11,223.50,54.26,-104,1
2026-08-10 19:16:15,222.60,49.84,-104,0
2026-08-10 19:16:17,225.60,52.34,-104,1
2026-08-10 19:16:19,222.50,49.89,-104,0
2026-08-10 19:16:21,224.60,50.19,-104,0
2026-08-10 19:16:23,223.80,49.99,-104,0
2026-08-10 19:16:25,222.80,49.72,-104,0
2026-08-10 19:16:28,225.40,49.84,-104,0
2026-08-10 19:16:29,225.80,50.23,-104,0
2026-08-10 19:16:31,225.50,51.35,-104,0
2026-08-10 19:16:34,224.70,52.19,-104,1
2026-08-10 19:16:35,224.70,50.39,-104,0
2026-08-10 19:16:37,224.50,50.24,-107,0
2026-08-10 19:16:40,225.10,50.23,-107,0
2026-08-10 19:16:41,222.00,50.23,-107,0
2026-08-10 19:16:43,224.80,49.85,-103,0
2026-08-10 19:16:46,230.00,49.35,-103,0
2026-08-10 19:16:47,225.10,49.85,-103,0
2026-08-10 19:16:49,226.00,50.25,-103,0
2026-08-10 19:16:52,225.60,51.13,-103,0
2026-08-10 19:16:53,225.20,53.59,-103,1
2026-08-10 19:16:55,224.20,56.22,-103,1
2026-08-10 19:16:57,225.00,49.86,-103,0
2026-08-10 19:16:59,223.80,49.60,-103,0
2026-08-10 19:17:01,224.30,49.85,-103,0
2026-08-10 19:17:03,227.70,49.35,-103,0
2026-08-10 19:17:05,225.90,49.84,-103,0
2026-08-10 19:17:07,223.40,50.14,-103,0
2026-08-10 19:17:09,225.40,50.24,-104,0
2026-08-10 19:17:11,219.50,50.00,-104,0
2026-08-10 19:17:13,224.20,50.59,-104,0
2026-08-10 19:17:15,222.70,50.96,-104,0
2026-08-10 19:17:17,228.30,52.74,-104,1
2026-08-10 19:17:19,223.00,56.56,-104,1
2026-08-10 19:17:21,223.90,50.30,-105,0
2026-08-10 19:17:23,224.50,49.99,-105,0
2026-08-10 19:17:25,228.30,49.66,-105,0
2026-08-10 19:17:27,225.10,50.28,-105,0
2026-08-10 19:17:30,223.80,49.58,-105,0
2026-08-10 19:17:31,225.40,49.84,-105,0
2026-08-10 19:17:33,227.60,50.27,-105,0
2026-08-10 19:17:35,225.70,49.96,-105,0
2026-08-10 19:17:37,227.80,50.36,-103,0
2026-08-10 19:17:40,223.10,49.80,-103,0
2026-08-10 19:17:41,226.30,49.61,-103,0
2026-08-10 19:17:43,226.00,51.83,-107,1
2026-08-10 19:17:46,224.40,50.51,-107,0
2026-08-10 19:17:47,225.50,51.72,-107,1
2026-08-10 19:17:50,225.30,50.07,-107,0
2026-08-10 19:17:51,221.20,50.56,-107,0
2026-08-10 19:17:53,224.30,49.63,-107,0
2026-08-10 19:17:55,226.00,49.52,-107,0
2026-08-10 19:17:57,222.80,50.06,-107,0
2026-08-10 19:17:59,225.20,50.52,-107,0
2026-08-10 19:18:01,226.30,49.86,-107,0
2026-08-10 19:18:03,225.90,49.72,-107,0
2026-08-10 19:18:05,223.60,50.27,-107,0
2026-08-10 19:18:07,225.20,50.18,-107,0
2026-08-10 19:18:09,225.10,50.05,-105,0
2026-08-10 19:18:11,223.90,50.15,-105,0
2026-08-10 19:18:13,228.40,50.33,-105,0
2026-08-10 19:18:15,224.80,50.14,-105,0
2026-08-10 19:18:17,223.30,49.82,-105,0
2026-08-10 19:18:19,225.20,50.00,-105,0
2026-08-10 19:18:21,224.80,50.14,-105,0
2026-08-10 19:18:23,223.50,50.14,-105,0
2026-08-10 19:18:25,224.80,50.17,-105,0
2026-08-10 19:18:28,223.80,50.08,-105,0
2026-08-10 19:18:29,225.50,50.13,-105,0
2026-08-10 19:18:31,226.70,54.89,-105,1
2026-08-10 19:18:33,225.90,55.97,-105,1
2026-08-10 19:18:35,225.30,55.65,-105,1
2026-08-10 19:18:37,224.90,56.69,-105,1
2026-08-10 19:18:39,223.40,50.22,-105,0
2026-08-10 19:18:41,224.90,49.83,-105,0
2026-08-10 19:18:43,224.10,50.19,-105,0
2026-08-10 19:18:46,227.10,50.48,-105,0
2026-08-10 19:18:47,224.20,50.19,-105,0
2026-08-10 19:18:50,225.30,49.91,-104,0
2026-08-10 19:18:51,225.90,50.20,-104,0
2026-08-10 19:18:53,226.60,50.00,-104,0
2026-08-10 19:18:55,225.30,49.85,-104,0
2026-08-10 19:18:58,223.10,49.79,-104,0
2026-08-10 19:18:59,224.10,49.85,-104,0
2026-08-10 19:19:02,228.50,49.86,-104,0
2026-08-10 19:19:03,224.70,50.20,-104,0
2026-08-10 19:19:05,225.40,50.08,-104,0
2026-08-10 19:19:07,224.90,51.56,-104,1
2026-08-10 19:19:10,227.40,53.00,-104,1
2026-08-10 19:19:11,226.60,56.58,-104,1
2026-08-10 19:19:13,224.90,49.77,-103,0
2026-08-10 19:19:15,224.50,50.09,-103,0
2026-08-10 19:19:17,225.40,49.99,-103,0
2026-08-10 19:19:19,223.90,50.14,-103,0
2026-08-10 19:19:22,224.70,50.22,-103,0
2026-08-10 19:19:25,224.60,51.16,-103,0
2026-08-10 19:19:28,225.40,55.41,-103,1
2026-08-10 19:19:29,225.00,49.84,-103,0
2026-08-10 19:19:31,224.00,50.35,-103,0
2026-08-10 19:19:34,226.30,50.70,-103,0
2026-08-10 19:19:36,225.10,49.85,-103,0
2026-08-10 19:19:37,222.50,50.01,-103,0
2026-08-10 19:19:39,225.50,50.36,-104,0
2026-08-10 19:19:41,225.80,50.46,-104,0
2026-08-10 19:19:44,224.50,52.74,-104,1
2026-08-10 19:19:45,226.90,55.84,-104,1
2026-08-10 19:19:47,225.50,50.20,-104,0
2026-08-10 19:19:49,223.60,50.10,-104,0
2026-08-10 19:19:51,225.40,49.43,-104,0
2026-08-10 19:19:53,224.20,49.66,-104,0
2026-08-10 19:19:55,225.10,50.22,-107,0
2026-08-10 19:19:57,226.20,50.21,-107,0
2026-08-10 19:19:59,224.90,51.88,-107,1
2026-08-10 19:20:01,226.90,55.55,-107,1
2026-08-10 19:20:03,217.50,49.91,-107,0
2026-08-10 19:20:05,225.00,50.21,-107,0
2026-08-10 19:20:07,225.50,50.26,-108,0
2026-08-10 19:20:09,225.50,50.83,-108,0
2026-08-10 19:20:11,224.30,53.15,-108,1
2026-08-10 19:20:14,225.60,49.84,-108,0
2026-08-10 19:20:15,222.60,50.32,-108,0
2026-08-10 19:20:18,226.10,50.22,-108,0
2026-08-10 19:20:19,231.60,49.96,-108,0
2026-08-10 19:20:22,224.30,50.12,-106,0
2026-08-10 19:20:23,226.80,50.15,-106,0
2026-08-10 19:20:25,229.10,50.29,-106,0
2026-08-10 19:20:27,225.50,49.85,-106,0
2026-08-10 19:20:29,226.30,49.96,-106,0
2026-08-10 19:20:31,225.60,50.20,-106,0
2026-08-10 19:20:34,225.70,51.88,-105,1
2026-08-10 19:20:35,225.20,49.85,-105,0
2026-08-10 19:20:38,223.90,50.10,-105,0
2026-08-10 19:20:40,223.90,50.07,-105,0
2026-08-10 19:20:41,223.30,50.35,-105,0
2026-08-10 19:20:43,224.10,52.27,-105,1
2026-08-10 19:20:46,225.90,50.21,-105,0
2026-08-10 19:20:47,224.30,50.20,-105,0
2026-08-10 19:20:50,228.70,52.53,-106,1
2026-08-10 19:20:51,224.40,52.58,-106,1
2026-08-10 19:20:56,224.30,50.30,-106,0
2026-08-10 19:21:01,223.90,50.16,-105,0
2026-08-10 19:21:06,225.90,50.55,-105,0
2026-08-10 19:21:08,219.90,50.16,-105,0
2026-08-10 19:21:12,226.00,50.15,-104,0
2026-08-10 19:21:20,225.40,50.10,-104,0
2026-08-10 19:21:24,224.60,50.22,-104,0
2026-08-10 19:21:30,226.50,54.67,-104,1
2026-08-10 19:21:46,226.80,56.65,-103,1
2026-08-10 19:21:48,227.20,49.92,-103,0
2026-08-10 19:21:50,226.10,50.15,-103,0
2026-08-10 19:21:52,229.50,57.32,-103,1
2026-08-10 19:21:54,225.80,50.34,-103,0
2026-08-10 19:21:56,226.10,49.75,-103,0
2026-08-10 19:21:58,225.60,49.95,-103,0
2026-08-10 19:22:00,223.10,49.46,-103,0
2026-08-10 19:22:02,225.00,51.30,-103,0
2026-08-10 19:22:04,226.20,50.17,-105,0
2026-08-10 19:22:06,228.40,49.99,-105,0
2026-08-10 19:22:08,226.50,54.09,-105,1
2026-08-10 19:22:10,228.30,46.73,-105,1
2026-08-10 19:22:12,228.10,50.59,-105,0
2026-08-10 19:22:14,226.30,57.05,-105,1
2026-08-10 19:22:16,225.30,50.02,-106,0
2026-08-10 19:22:18,225.40,50.51,-106,0
2026-08-10 19:22:20,226.40,49.98,-106,0
2026-08-10 19:22:22,225.40,49.89,-106,0
2026-08-10 19:22:24,225.40,50.02,-106,0
2026-08-10 19:22:26,227.80,50.06,-106,0
2026-08-10 19:22:28,232.70,50.24,-106,0
2026-08-10 19:22:30,225.50,50.24,-106,0
2026-08-10 19:22:32,226.10,50.24,-106,0
2026-08-10 19:22:34,224.00,51.38,-106,0
2026-08-10 19:22:36,225.40,49.84,-106,0
2026-08-10 19:22:38,228.40,49.88,-106,0
2026-08-10 19:22:40,227.00,53.73,-106,1
2026-08-10 19:22:42,225.80,50.31,-106,0
2026-08-10 19:22:44,226.00,50.01,-106,0
2026-08-10 19:22:46,228.50,52.47,-106,1
2026-08-10 19:22:48,225.90,50.21,-106,0
2026-08-10 19:22:50,226.30,50.20,-106,0
2026-08-10 19:22:52,225.40,51.10,-107,0
2026-08-10 19:22:54,225.30,53.48,-107,1
2026-08-10 19:22:56,224.80,49.87,-107,0
2026-08-10 19:22:58,227.20,50.07,-107,0
2026-08-10 19:23:00,224.40,49.84,-107,0
2026-08-10 19:23:02,223.10,49.85,-107,0
2026-08-10 19:23:04,224.20,49.85,-107,0
2026-08-10 19:23:06,226.00,51.59,-107,1
2026-08-10 19:23:08,224.60,50.06,-107,0
2026-08-10 19:23:10,225.30,49.48,-104,0
2026-08-10 19:23:12,225.00,50.38,-104,0
2026-08-10 19:23:14,225.50,49.70,-104,0
2026-08-10 19:23:16,222.60,49.69,-104,0
2026-08-10 19:23:18,223.80,49.83,-104,0
2026-08-10 19:23:20,225.20,50.00,-104,0
2026-08-10 19:23:22,223.40,49.47,-104,0
2026-08-10 19:23:24,224.60,50.00,-104,0
2026-08-10 19:23:26,222.30,51.09,-104,0
2026-08-10 19:23:28,226.70,49.76,-104,0
2026-08-10 19:23:30,224.00,49.86,-104,0
2026-08-10 19:23:32,220.40,55.76,-104,1
2026-08-10 19:23:34,224.40,52.16,-109,1
2026-08-10 19:23:36,226.70,50.73,-109,0
2026-08-10 19:23:38,225.00,49.66,-109,0
2026-08-10 19:23:40,225.60,50.86,-109,0
2026-08-10 19:23:42,225.10,49.87,-109,0
2026-08-10 19:23:44,223.60,49.64,-109,0
2026-08-10 19:23:46,225.50,52.54,-108,1
2026-08-10 19:23:48,223.70,49.82,-108,0
2026-08-10 19:23:50,222.50,49.82,-108,0
2026-08-10 19:23:52,222.70,55.17,-108,1
2026-08-10 19:23:54,223.40,49.69,-108,0
2026-08-10 19:23:56,224.70,49.99,-108,0
2026-08-10 19:23:58,222.30,49.49,-108,0
2026-08-10 19:24:00,225.10,50.33,-108,0
2026-08-10 19:24:02,217.40,49.92,-108,0
2026-08-10 19:24:04,225.60,51.35,-106,0
2026-08-10 19:24:06,222.50,56.11,-106,1
2026-08-10 19:24:08,223.90,51.07,-106,0
2026-08-10 19:24:10,224.70,49.81,-108,0
2026-08-10 19:24:12,224.80,50.60,-108,0
2026-08-10 19:24:14,223.20,55.42,-108,1
2026-08-10 19:24:16,224.70,50.39,-108,0
2026-08-10 19:24:18,222.90,50.00,-108,0
2026-08-10 19:24:20,225.60,50.03,-108,0
2026-08-10 19:24:22,223.40,53.82,-107,1
2026-08-10 19:24:24,227.10,50.01,-107,0
2026-08-10 19:24:26,224.20,50.80,-107,0
2026-08-10 19:24:28,225.80,49.84,-107,0
2026-08-10 19:24:30,224.60,54.35,-107,1
2026-08-10 19:24:32,228.80,50.37,-107,0
2026-08-10 19:24:34,223.20,49.86,-106,0
2026-08-10 19:24:36,221.90,49.84,-106,0
2026-08-10 19:24:38,225.10,50.75,-106,0
2026-08-10 19:24:40,224.30,52.43,-106,1
2026-08-10 19:24:42,223.10,49.92,-106,0
2026-08-10 19:24:44,222.70,49.86,-106,0
2026-08-10 19:24:46,224.70,50.29,-106,0
2026-08-10 19:24:48,224.60,49.86,-106,0
2026-08-10 19:24:50,225.90,56.04,-106,1
2026-08-10 19:24:52,223.50,52.90,-106,1
2026-08-10 19:24:54,220.80,50.97,-106,0
2026-08-10 19:24:56,223.20,50.59,-106,0
2026-08-10 19:24:58,217.60,49.96,-106,0
2026-08-10 19:25:00,227.50,50.33,-106,0
2026-08-10 19:25:02,226.00,49.36,-106,0
2026-08-10 19:25:04,225.30,56.47,-106,1
2026-08-10 19:25:06,221.10,53.45,-106,1
2026-08-10 19:25:08,224.00,50.45,-106,0
2026-08-10 19:25:10,222.20,49.92,-106,0
2026-08-10 19:25:12,223.10,49.48,-106,0
2026-08-10 19:25:14,223.40,49.45,-106,0
2026-08-10 19:25:16,224.60,49.67,-106,0
2026-08-10 19:25:18,222.90,49.86,-106,0
2026-08-10 19:25:20,223.90,50.02,-106,0
2026-08-10 19:25:22,223.10,55.83,-106,1
2026-08-10 19:25:24,223.10,51.87,-106,1
2026-08-10 19:25:26,222.00,50.13,-106,0
2026-08-10 19:25:28,226.40,49.78,-106,0
2026-08-10 19:25:30,222.20,49.48,-106,0
2026-08-10 19:25:32,224.20,52.88,-106,1
2026-08-10 19:25:34,224.60,56.58,-106,1
2026-08-10 19:25:36,224.10,51.24,-106,0
2026-08-10 19:25:38,223.00,50.00,-106,0
2026-08-10 19:25:40,221.50,50.21,-106,0
2026-08-10 19:25:42,224.70,49.72,-106,0
2026-08-10 19:25:44,225.90,50.00,-106,0
2026-08-10 19:25:46,225.50,53.04,-107,1
2026-08-10 19:25:48,223.60,50.00,-107,0
2026-08-10 19:25:50,223.90,49.66,-107,0
2026-08-10 19:25:52,224.10,49.84,-107,0
2026-08-10 19:25:54,224.90,50.17,-107,0
2026-08-10 19:25:56,225.50,53.17,-107,1
2026-08-10 19:25:58,223.20,50.02,-106,0
2026-08-10 19:26:00,225.50,49.88,-106,0
2026-08-10 19:26:02,223.80,50.23,-106,0
2026-08-10 19:26:04,223.60,50.21,-106,0
2026-08-10 19:26:06,227.10,52.61,-106,1
2026-08-10 19:26:08,221.10,49.98,-106,0
2026-08-10 19:26:10,222.80,49.90,-106,0
2026-08-10 19:26:12,221.80,49.81,-106,0
2026-08-10 19:26:14,223.80,49.46,-106,0
2026-08-10 19:26:16,220.80,49.64,-106,0
2026-08-10 19:26:18,224.40,54.02,-106,1
2026-08-10 19:26:20,225.40,50.41,-106,0
2026-08-10 19:26:22,223.90,49.61,-106,0
2026-08-10 19:26:24,223.90,48.43,-106,1
2026-08-10 19:26:26,224.10,49.59,-106,0
2026-08-10 19:26:28,226.50,49.53,-108,0
2026-08-10 19:26:30,223.50,49.85,-108,0
2026-08-10 19:26:32,223.10,54.92,-108,1
2026-08-10 19:26:34,223.50,51.22,-108,0
2026-08-10 19:26:36,224.40,49.66,-108,0
2026-08-10 19:26:38,223.70,49.89,-108,0
2026-08-10 19:26:40,225.20,50.07,-107,0
2026-08-10 19:26:42,222.50,50.05,-107,0
2026-08-10 19:26:44,222.40,49.65,-107,0
2026-08-10 19:26:46,226.00,51.70,-107,1
2026-08-10 19:26:48,223.10,55.00,-107,1
2026-08-10 19:26:50,222.70,51.13,-107,0
2026-08-10 19:26:52,223.70,49.88,-105,0
2026-08-10 19:26:54,220.40,51.53,-105,1
2026-08-10 19:26:56,223.90,50.71,-105,0
2026-08-10 19:26:58,227.00,49.29,-105,0
2026-08-10 19:27:00,223.80,55.14,-105,1
2026-08-10 19:27:02,225.80,49.99,-105,0
2026-08-10 19:27:04,223.20,49.88,-105,0
2026-08-10 19:27:06,220.30,50.02,-105,0
2026-08-10 19:27:08,223.30,50.13,-105,0
2026-08-10 19:27:10,228.20,55.68,-106,1
2026-08-10 19:27:12,224.30,50.24,-106,0
2026-08-10 19:27:14,223.90,49.87,-106,0
2026-08-10 19:27:16,224.60,50.27,-107,0
2026-08-10 19:27:18,223.90,50.87,-107,0
2026-08-10 19:27:20,222.90,50.13,-107,0
2026-08-10 19:27:22,223.40,52.41,-107,1
2026-08-10 19:27:24,224.00,49.99,-107,0
2026-08-10 19:27:26,219.50,49.99,-107,0
2026-08-10 19:27:28,226.40,48.13,-107,1
2026-08-10 19:27:30,223.80,49.98,-107,0
2026-08-10 19:27:32,222.90,56.88,-107,1
2026-08-10 19:27:40,223.70,49.86,-107,0
2026-08-10 19:27:42,223.20,57.15,-107,1
2026-08-10 19:27:46,223.10,49.75,-107,0
2026-08-10 19:27:48,222.40,49.52,-107,0
2026-08-10 19:27:50,225.20,49.75,-107,0
2026-08-10 19:27:52,219.60,56.07,-107,1
2026-08-10 19:27:54,223.60,50.20,-107,0
2026-08-10 19:27:56,223.50,49.91,-107,0
2026-08-10 19:27:58,220.10,49.98,-107,0
2026-08-10 19:28:00,222.40,49.90,-107,0
2026-08-10 19:28:02,223.20,53.08,-107,1
2026-08-10 19:28:04,224.60,48.21,-109,1
2026-08-10 19:28:06,225.00,50.50,-109,0
2026-08-10 19:28:08,223.90,49.76,-109,0
2026-08-10 19:28:10,221.40,54.48,-109,1
2026-08-10 19:28:12,223.20,49.82,-109,0
2026-08-10 19:28:14,222.00,49.92,-109,0
2026-08-10 19:28:16,224.00,50.34,-109,0
2026-08-10 19:28:18,224.90,56.79,-109,1
2026-08-10 19:28:20,221.80,49.84,-109,0
2026-08-10 19:28:22,223.40,50.22,-107,0
2026-08-10 19:28:24,225.20,49.38,-107,0
2026-08-10 19:28:26,220.40,57.09,-107,1
2026-08-10 19:28:30,222.10,49.84,-107,0
2026-08-10 19:28:32,222.80,50.02,-107,0
2026-08-10 19:28:34,222.40,56.75,-106,1
2026-08-10 19:28:36,222.50,50.00,-106,0
2026-08-10 19:28:38,222.80,50.20,-106,0
2026-08-10 19:28:40,224.30,49.65,-106,0
2026-08-10 19:28:42,217.20,49.63,-106,0
2026-08-10 19:28:44,223.90,49.62,-106,0
2026-08-10 19:28:46,222.40,49.83,-106,0
2026-08-10 19:28:48,222.90,50.22,-106,0
2026-08-10 19:28:50,221.70,49.90,-106,0
2026-08-10 19:28:52,222.50,52.35,-106,1
2026-08-10 19:28:54,219.50,49.49,-106,0
2026-08-10 19:28:56,221.70,49.85,-106,0
2026-08-10 19:28:58,220.90,50.01,-106,0
2026-08-10 19:29:00,221.20,52.82,-106,1
2026-08-10 19:29:02,223.60,49.99,-106,0
2026-08-10 19:29:04,222.20,50.18,-106,0
2026-08-10 19:29:06,222.50,50.13,-106,0
2026-08-10 19:29:08,219.30,55.85,-106,1
2026-08-10 19:29:10,223.80,50.36,-106,0
2026-08-10 19:29:12,221.30,50.15,-106,0
2026-08-10 19:29:14,222.10,49.80,-106,0
2026-08-10 19:29:16,223.60,49.96,-106,0
2026-08-10 19:29:18,220.40,49.96,-106,0
2026-08-10 19:29:20,222.20,49.80,-106,0
2026-08-10 19:29:23,222.40,53.05,-106,1
2026-08-10 19:29:24,221.80,49.83,-106,0
2026-08-10 19:29:26,218.40,49.98,-106,0
2026-08-10 19:29:28,220.50,50.38,-106,0
2026-08-10 19:29:30,222.90,50.03,-106,0
2026-08-10 19:29:32,223.50,49.82,-106,0
2026-08-10 19:29:34,224.10,53.57,-106,1
2026-08-10 19:29:36,221.80,50.00,-106,0
2026-08-10 19:29:38,219.60,50.06,-106,0
2026-08-10 19:29:40,222.60,49.34,-107,0
2026-08-10 19:29:42,224.30,49.52,-107,0
2026-08-10 19:29:44,223.30,54.26,-107,1
2026-08-10 19:29:46,223.40,49.84,-107,0
2026-08-10 19:29:48,220.70,51.35,-107,0
2026-08-10 19:29:50,223.00,49.78,-107,0
2026-08-10 19:29:52,222.60,49.88,-106,0
2026-08-10 19:29:54,222.10,51.35,-106,0
2026-08-10 19:29:56,222.80,50.59,-106,0
2026-08-10 19:29:58,223.40,49.55,-106,0
2026-08-10 19:30:00,221.20,49.76,-106,0
2026-08-10 19:30:02,223.80,50.87,-106,0
2026-08-10 19:30:04,221.80,50.00,-106,0
2026-08-10 19:30:06,223.80,50.22,-106,0
2026-08-10 19:30:08,222.30,56.16,-106,1
2026-08-10 19:30:10,221.40,50.11,-106,0
2026-08-10 19:30:12,222.80,49.83,-106,0
2026-08-10 19:30:14,223.40,51.31,-106,0
2026-08-10 19:30:16,222.40,53.91,-106,1
2026-08-10 19:30:18,222.40,50.20,-106,0
2026-08-10 19:30:20,222.00,49.84,-106,0
2026-08-10 19:30:22,219.80,50.23,-108,0
2026-08-10 19:30:24,222.80,53.50,-108,1
2026-08-10 19:30:26,224.30,49.84,-108,0
2026-08-10 19:30:28,225.20,50.20,-108,0
2026-08-10 19:30:30,221.90,49.86,-105,0
2026-08-10 19:30:32,222.70,52.45,-105,1
2026-08-10 19:30:34,222.00,49.83,-105,0
2026-08-10 19:30:36,221.50,50.33,-105,0
2026-08-10 19:30:38,221.00,49.80,-105,0
2026-08-10 19:30:40,221.60,49.79,-105,0
2026-08-10 19:30:42,221.10,50.23,-107,0
2026-08-10 19:30:44,216.00,49.50,-107,0
2026-08-10 19:30:46,221.80,49.84,-107,0
2026-08-10 19:30:48,226.60,50.56,-107,0
2026-08-10 19:30:50,221.30,49.84,-107,0
2026-08-10 19:30:52,222.10,50.22,-107,0
2026-08-10 19:30:54,221.60,49.83,-106,0
2026-08-10 19:30:56,222.70,51.31,-106,0
2026-08-10 19:30:58,222.50,51.47,-106,0
2026-08-10 19:31:00,222.40,49.84,-106,0
2026-08-10 19:31:02,217.10,50.22,-106,0
2026-08-10 19:31:04,222.50,56.25,-106,1
2026-08-10 19:31:06,219.60,50.99,-104,0
2026-08-10 19:31:08,224.00,49.86,-104,0
2026-08-10 19:31:10,220.50,49.66,-104,0
2026-08-10 19:31:12,223.10,49.70,-104,0
2026-08-10 19:31:14,223.30,51.31,-104,0
2026-08-10 19:31:16,224.40,53.02,-104,1
2026-08-10 19:31:18,223.60,49.72,-104,0
2026-08-10 19:31:20,220.90,49.91,-104,0
2026-08-10 19:31:24,222.00,49.84,-107,0
2026-08-10 19:31:26,222.60,50.22,-107,0
2026-08-10 19:31:28,224.90,53.37,-107,1
2026-08-10 19:31:30,221.50,49.85,-107,0
2026-08-10 19:31:32,222.10,50.22,-107,0
2026-08-10 19:31:34,222.30,49.83,-107,0
2026-08-10 19:31:36,222.50,50.03,-107,0
2026-08-10 19:31:38,222.90,49.83,-107,0
2026-08-10 19:31:40,221.10,49.94,-106,0
2026-08-10 19:31:42,222.90,49.86,-106,0
2026-08-10 19:31:44,223.80,49.69,-106,0
2026-08-10 19:31:46,223.20,50.20,-106,0
2026-08-10 19:31:48,219.60,49.43,-106,0
2026-08-10 19:31:50,223.60,50.57,-106,0
2026-08-10 19:31:52,222.40,50.59,-106,0
2026-08-10 19:31:54,222.60,50.22,-106,0
2026-08-10 19:31:56,222.40,50.59,-106,0
2026-08-10 19:31:58,222.80,50.22,-106,0
2026-08-10 19:32:00,221.70,57.01,-106,1
2026-08-10 19:32:02,218.70,49.83,-106,0
2026-08-10 19:32:04,222.60,55.29,-106,1
2026-08-10 19:32:06,221.20,54.68,-107,1
2026-08-10 19:32:08,223.20,55.71,-107,1
2026-08-10 19:32:10,224.30,55.35,-107,1
2026-08-10 19:32:12,222.70,55.33,-107,1
2026-08-10 19:32:14,221.10,62.14,-107,1
2026-08-10 19:32:16,223.90,55.37,-107,1
2026-08-10 19:32:18,214.70,55.54,-107,1
2026-08-10 19:32:26,222.20,49.79,-107,0
2026-08-10 19:32:28,222.50,50.13,-107,0
2026-08-10 19:32:30,221.40,49.68,-107,0
2026-08-10 19:32:32,223.00,49.58,-107,0
2026-08-10 19:32:34,222.60,49.81,-104,0
2026-08-10 19:32:36,221.10,49.83,-104,0
2026-08-10 19:32:38,220.90,49.90,-104,0
2026-08-10 19:32:40,223.50,50.46,-104,0
2026-08-10 19:32:42,221.20,50.18,-104,0
2026-08-10 19:32:44,221.30,49.88,-104,0
2026-08-10 19:32:46,223.00,49.88,-106,0
2026-08-10 19:32:48,223.50,49.98,-106,0
2026-08-10 19:32:50,223.00,50.16,-106,0
2026-08-10 19:32:52,221.10,49.84,-106,0
2026-08-10 19:32:54,222.10,49.78,-106,0
2026-08-10 19:32:56,223.10,49.25,-106,0
2026-08-10 19:32:58,219.30,54.37,-106,1
2026-08-10 19:33:00,221.80,51.62,-108,1
2026-08-10 19:33:02,220.20,49.74,-108,0
2026-08-10 19:33:04,222.00,50.01,-108,0
2026-08-10 19:33:06,220.40,50.20,-108,0
2026-08-10 19:33:08,219.50,50.22,-108,0
2026-08-10 19:33:10,219.70,50.24,-108,0
2026-08-10 19:33:12,220.80,49.88,-105,0
2026-08-10 19:33:14,221.30,49.79,-105,0
2026-08-10 19:33:16,220.90,53.24,-105,1
2026-08-10 19:33:18,217.20,50.04,-105,0
2026-08-10 19:33:20,224.60,50.17,-105,0
2026-08-10 19:33:22,222.60,48.99,-105,0
2026-08-10 19:33:24,220.90,50.38,-105,0
2026-08-10 19:33:26,224.30,52.85,-105,1
2026-08-10 19:33:28,222.70,49.81,-107,0
2026-08-10 19:33:30,221.30,56.32,-107,1
2026-08-10 19:33:32,223.10,51.97,-107,1
2026-08-10 19:33:34,222.40,49.64,-107,0
2026-08-10 19:33:36,221.40,50.18,-107,0
2026-08-10 19:33:38,222.00,50.55,-107,0
2026-08-10 19:33:40,225.30,50.17,-107,0
2026-08-10 19:33:42,223.10,49.90,-107,0
2026-08-10 19:33:44,221.80,50.35,-107,0
2026-08-10 19:33:46,224.30,50.44,-107,0
2026-08-10 19:33:48,221.80,50.20,-107,0
2026-08-10 19:33:50,222.70,50.19,-107,0
2026-08-10 19:33:52,222.50,49.78,-107,0
2026-08-10 19:33:54,221.80,56.67,-107,1
2026-08-10 19:33:56,223.80,54.41,-107,1
2026-08-10 19:33:58,223.10,52.47,-107,1
2026-08-10 19:34:00,222.50,52.47,-107,1
2026-08-10 19:34:02,223.50,50.02,-107,0
2026-08-10 19:34:05,224.70,50.07,-107,0
2026-08-10 19:34:06,222.80,50.12,-107,0
2026-08-10 19:34:08,224.50,49.71,-107,0
2026-08-10 19:34:10,226.70,50.29,-107,0
2026-08-10 19:34:12,225.70,50.05,-105,0
2026-08-10 19:34:14,222.70,50.20,-105,0
2026-08-10 19:34:16,223.90,49.94,-105,0
2026-08-10 19:34:18,225.00,49.90,-105,0
2026-08-10 19:34:20,223.70,49.72,-105,0
2026-08-10 19:34:22,223.40,49.98,-105,0
2026-08-10 19:34:24,222.20,49.72,-105,0
2026-08-10 19:34:26,220.30,50.20,-105,0
2026-08-10 19:34:29,222.50,54.91,-107,1
2026-08-10 19:34:30,219.20,51.73,-107,1
2026-08-10 19:34:32,221.90,49.75,-107,0
2026-08-10 19:34:35,226.80,49.92,-109,0
2026-08-10 19:34:36,221.50,50.04,-109,0
2026-08-10 19:34:38,223.50,49.58,-109,0
2026-08-10 19:34:40,222.70,50.13,-109,0
2026-08-10 19:34:42,223.60,49.84,-109,0
2026-08-10 19:34:44,227.60,50.73,-109,0
2026-08-10 19:34:46,222.80,50.12,-109,0
2026-08-10 19:34:48,221.50,50.21,-107,0
2026-08-10 19:34:50,221.10,50.12,-107,0
2026-08-10 19:34:52,223.10,49.58,-107,0
2026-08-10 19:34:54,223.10,49.70,-107,0
2026-08-10 19:34:56,221.60,50.06,-107,0
2026-08-10 19:34:59,223.20,53.12,-107,1
2026-08-10 19:35:01,223.20,49.92,-106,0
2026-08-10 19:35:02,223.50,50.00,-106,0
2026-08-10 19:35:04,225.40,50.22,-106,0
2026-08-10 19:35:07,222.80,49.97,-106,0
2026-08-10 19:35:08,222.80,50.06,-106,0
2026-08-10 19:35:11,222.40,49.87,-106,0
2026-08-10 19:35:12,223.30,53.30,-106,1
2026-08-10 19:35:14,220.80,50.13,-106,0
2026-08-10 19:35:16,222.40,50.14,-106,0
2026-08-10 19:35:18,221.10,50.40,-106,0
2026-08-10 19:35:20,225.20,49.77,-106,0
2026-08-10 19:35:22,224.60,50.12,-106,0
2026-08-10 19:35:24,223.80,50.02,-105,0
2026-08-10 19:35:27,223.00,55.97,-105,1
2026-08-10 19:35:28,223.20,51.86,-105,1
2026-08-10 19:35:30,225.90,49.43,-105,0
2026-08-10 19:35:32,223.70,49.60,-105,0
2026-08-10 19:35:42,224.20,49.95,-106,0
2026-08-10 19:35:44,225.40,49.77,-106,0
2026-08-10 19:35:46,223.90,49.82,-106,0
2026-08-10 19:35:48,223.50,50.01,-106,0
2026-08-10 19:35:50,223.30,49.83,-106,0
2026-08-10 19:35:52,227.20,55.57,-107,1
2026-08-10 19:35:54,223.30,52.01,-107,1
2026-08-10 19:35:56,224.60,50.03,-107,0
2026-08-10 19:35:58,222.80,49.97,-107,0
2026-08-10 19:36:00,221.40,49.88,-107,0
2026-08-10 19:36:02,223.10,49.46,-107,0
2026-08-10 19:36:05,223.90,49.70,-107,0
2026-08-10 19:36:06,223.20,54.38,-107,1
2026-08-10 19:36:08,223.80,50.27,-107,0
2026-08-10 19:36:10,219.90,50.06,-107,0
2026-08-10 19:36:12,224.30,49.54,-107,0
2026-08-10 19:36:14,225.60,49.49,-107,0
2026-08-10 19:36:18,217.70,49.99,-107,0
2026-08-10 19:36:21,223.90,56.53,-107,1
2026-08-10 19:36:22,225.40,53.34,-107,1
2026-08-10 19:36:24,222.90,51.48,-107,0
2026-08-10 19:36:26,221.90,50.01,-107,0
2026-08-10 19:36:28,223.30,49.60,-107,0
2026-08-10 19:36:30,223.10,49.67,-107,0
2026-08-10 19:36:32,223.20,50.28,-107,0
2026-08-10 19:36:35,223.50,49.88,-106,0
2026-08-10 19:36:36,222.60,55.31,-106,1
2026-08-10 19:36:38,224.00,50.44,-106,0
2026-08-10 19:36:40,223.00,49.75,-105,0
2026-08-10 19:36:42,223.40,49.96,-105,0
2026-08-10 19:36:44,226.00,49.88,-105,0
2026-08-10 19:36:47,223.70,49.83,-105,0
2026-08-10 19:36:48,221.90,49.86,-105,0
2026-08-10 19:36:51,223.20,53.22,-105,1
2026-08-10 19:36:53,223.40,50.15,-105,0
2026-08-10 19:36:55,222.90,49.57,-105,0
2026-08-10 19:36:56,223.80,49.90,-105,0
2026-08-10 19:36:58,222.90,49.83,-105,0
2026-08-10 19:37:00,224.90,51.47,-105,0
2026-08-10 19:37:02,222.80,49.72,-105,0
2026-08-10 19:37:04,223.90,50.51,-105,0
2026-08-10 19:37:06,223.40,49.87,-108,0
2026-08-10 19:37:08,219.00,54.55,-108,1
2026-08-10 19:37:10,222.20,50.05,-108,0
2026-08-10 19:37:12,223.70,49.70,-108,0
2026-08-10 19:37:14,225.20,49.58,-108,0
2026-08-10 19:37:16,222.70,49.81,-108,0
2026-08-10 19:37:18,222.60,52.50,-107,1
2026-08-10 19:37:20,222.70,49.72,-107,0
2026-08-10 19:37:22,222.80,49.95,-107,0
2026-08-10 19:37:24,223.50,49.86,-107,0
2026-08-10 19:37:26,224.50,49.91,-107,0
2026-08-10 19:37:28,223.30,52.79,-107,1
2026-08-10 19:37:30,223.10,50.09,-107,0
2026-08-10 19:37:32,223.20,50.20,-107,0
2026-08-10 19:37:34,221.60,50.20,-107,0
2026-08-10 19:37:36,223.00,56.02,-106,1
2026-08-10 19:37:38,222.10,49.70,-106,0
2026-08-10 19:37:40,222.20,49.82,-106,0
2026-08-10 19:37:42,223.40,49.83,-109,0
2026-08-10 19:37:44,223.80,50.04,-109,0
2026-08-10 19:37:46,223.60,52.87,-109,1
2026-08-10 19:37:48,225.30,49.81,-109,0
2026-08-10 19:37:50,223.00,50.15,-109,0
2026-08-10 19:37:52,228.20,50.23,-109,0
2026-08-10 19:37:54,223.50,50.00,-107,0
2026-08-10 19:37:56,223.10,49.71,-107,0
2026-08-10 19:37:58,223.50,52.40,-107,1
2026-08-10 19:38:00,222.40,50.09,-107,0
2026-08-10 19:38:02,224.60,49.61,-107,0
2026-08-10 19:38:04,217.40,49.95,-107,0
2026-08-10 19:38:06,223.40,49.83,-105,0
2026-08-10 19:38:08,222.80,49.86,-105,0
2026-08-10 19:38:10,223.40,49.47,-105,0
2026-08-10 19:38:12,223.20,50.64,-105,0
2026-08-10 19:38:14,222.00,50.08,-105,0
2026-08-10 19:38:16,222.50,50.04,-105,0
2026-08-10 19:38:18,224.80,50.15,-105,0
2026-08-10 19:38:20,223.50,49.84,-105,0
2026-08-10 19:38:22,223.20,49.87,-105,0
2026-08-10 19:38:24,224.00,56.94,-105,1
2026-08-10 19:38:26,223.00,52.24,-105,1
2026-08-10 19:38:28,223.60,49.98,-105,0
2026-08-10 19:38:30,221.20,49.85,-105,0
2026-08-10 19:38:32,223.80,49.95,-105,0
2026-08-10 19:38:35,221.10,49.99,-105,0
2026-08-10 19:38:36,223.90,55.15,-105,1
2026-08-10 19:38:38,219.70,49.71,-105,0
2026-08-10 19:38:40,222.80,49.57,-105,0
2026-08-10 19:38:42,223.00,49.85,-105,0
2026-08-10 19:38:44,222.80,49.84,-105,0
2026-08-10 19:38:46,224.00,51.08,-105,0
2026-08-10 19:38:48,221.30,50.06,-104,0
2026-08-10 19:38:50,221.70,49.84,-104,0
2026-08-10 19:38:52,220.00,50.16,-104,0
2026-08-10 19:38:54,222.80,50.36,-104,0
2026-08-10 19:38:56,220.20,49.67,-104,0
2026-08-10 19:38:58,222.30,49.83,-104,0
2026-08-10 19:39:00,222.30,51.36,-105,0
2026-08-10 19:39:02,221.40,50.23,-105,0
2026-08-10 19:39:06,223.00,50.33,-105,0
2026-08-10 19:39:08,223.80,55.98,-105,1
2026-08-10 19:39:10,223.80,49.84,-105,0
2026-08-10 19:39:13,221.90,49.81,-107,0
2026-08-10 19:39:14,223.30,50.26,-107,0
2026-08-10 19:39:16,223.10,51.30,-107,0
2026-08-10 19:39:18,223.20,49.75,-107,0
2026-08-10 19:39:20,221.00,49.78,-107,0
2026-08-10 19:39:22,223.30,51.42,-107,0
2026-08-10 19:39:24,221.40,49.85,-107,0
2026-08-10 19:39:26,221.30,50.22,-105,0
2026-08-10 19:39:28,221.70,53.38,-105,1
2026-08-10 19:39:30,221.70,49.84,-105,0
2026-08-10 19:39:32,222.00,50.97,-105,0
2026-08-10 19:39:34,219.90,56.72,-105,1
2026-08-10 19:39:36,219.70,50.00,-105,0
2026-08-10 19:39:38,222.00,49.75,-105,0
2026-08-10 19:39:40,219.90,50.07,-105,0
2026-08-10 19:39:42,225.00,49.57,-105,0
2026-08-10 19:39:44,226.80,50.00,-105,0
2026-08-10 19:39:46,223.20,50.13,-105,0
2026-08-10 19:39:48,221.30,51.25,-105,0
2026-08-10 19:39:50,221.50,49.82,-107,0
2026-08-10 19:39:52,223.50,50.00,-107,0
2026-08-10 19:39:54,224.50,52.91,-107,1
2026-08-10 19:39:56,220.70,49.72,-107,0
2026-08-10 19:39:58,222.40,49.84,-107,0
2026-08-10 19:40:00,221.00,56.21,-107,1
2026-08-10 19:40:02,221.30,50.09,-107,0
2026-08-10 19:40:04,221.20,49.84,-107,0
2026-08-10 19:40:06,222.50,50.25,-107,0
2026-08-10 19:40:08,228.00,50.03,-107,0
2026-08-10 19:40:10,222.30,50.27,-107,0
2026-08-10 19:40:12,220.70,49.87,-107,0
2026-08-10 19:40:14,223.80,49.30,-105,0
2026-08-10 19:40:16,223.30,50.20,-105,0
2026-08-10 19:40:18,223.20,49.77,-105,0
2026-08-10 19:40:20,223.20,49.49,-105,0
2026-08-10 19:40:22,221.90,49.90,-105,0
2026-08-10 19:40:24,221.00,49.85,-105,0
2026-08-10 19:40:26,222.10,50.14,-105,0
2026-08-10 19:40:28,221.20,49.85,-105,0
2026-08-10 19:40:30,219.10,49.85,-105,0
2026-08-10 19:40:32,221.10,50.02,-105,0
2026-08-10 19:40:34,222.10,49.85,-105,0
2026-08-10 19:40:37,222.10,50.20,-106,0
2026-08-10 19:40:38,219.40,54.60,-106,1
2026-08-10 19:40:40,220.90,49.86,-106,0
2026-08-10 19:40:42,221.00,49.83,-106,0
2026-08-10 19:40:44,220.10,49.63,-106,0
2026-08-10 19:40:46,221.30,49.50,-106,0
2026-08-10 19:40:48,219.20,49.95,-106,0
2026-08-10 19:40:50,220.50,50.21,-106,0
2026-08-10 19:40:52,220.50,49.68,-106,0
2026-08-10 19:40:54,221.70,50.53,-106,0
2026-08-10 19:40:56,220.20,49.40,-106,0
2026-08-10 19:40:58,223.30,51.20,-106,0
2026-08-10 19:41:00,220.60,49.62,-106,0
2026-08-10 19:41:02,222.70,49.69,-106,0
2026-08-10 19:41:04,223.80,51.56,-106,1
2026-08-10 19:41:06,222.00,50.21,-106,0
2026-08-10 19:41:08,223.90,49.70,-106,0
2026-08-10 19:41:10,219.90,52.42,-106,1
2026-08-10 19:41:12,220.20,49.84,-106,0
2026-08-10 19:41:14,219.70,49.86,-106,0
2026-08-10 19:41:16,221.70,52.95,-106,1
2026-08-10 19:41:18,219.50,49.97,-106,0
2026-08-10 19:41:20,221.20,49.85,-106,0
2026-08-10 19:41:22,220.60,53.78,-106,1
2026-08-10 19:41:24,221.00,50.20,-106,0
2026-08-10 19:41:26,221.40,49.46,-106,0
2026-08-10 19:41:28,221.00,49.96,-106,0
2026-08-10 19:41:30,223.90,51.37,-106,0
2026-08-10 19:41:32,220.20,49.50,-106,0
2026-08-10 19:41:34,219.20,50.48,-106,0
2026-08-10 19:41:36,220.50,56.49,-106,1
2026-08-10 19:41:38,221.00,49.50,-106,0
2026-08-10 19:41:40,221.50,50.21,-106,0
2026-08-10 19:41:42,221.30,49.83,-106,0
2026-08-10 19:41:44,220.10,52.50,-106,1
2026-08-10 19:41:46,222.20,49.85,-106,0
2026-08-10 19:41:48,221.50,49.94,-109,0
2026-08-10 19:41:50,221.30,56.59,-109,1
2026-08-10 19:41:52,220.90,49.85,-109,0
2026-08-10 19:41:54,221.90,50.19,-112,0
2026-08-10 19:41:56,223.70,50.04,-112,0
2026-08-10 19:41:58,223.30,49.93,-112,0
2026-08-10 19:42:00,228.10,51.89,-112,1
2026-08-10 19:42:02,221.90,50.00,-112,0
2026-08-10 19:42:04,221.20,49.47,-112,0
2026-08-10 19:42:06,220.50,49.83,-112,0
2026-08-10 19:42:08,222.50,50.96,-106,0
2026-08-10 19:42:10,220.50,49.84,-106,0
2026-08-10 19:42:12,222.30,49.83,-106,0
2026-08-10 19:42:14,221.50,57.05,-106,1
2026-08-10 19:42:16,222.00,49.85,-106,0
2026-08-10 19:42:21,222.60,49.84,-105,0
2026-08-10 19:42:22,222.10,50.10,-105,0
2026-08-10 19:42:24,221.50,51.34,-105,0
2026-08-10 19:42:26,220.60,50.15,-105,0
2026-08-10 19:42:28,221.90,49.75,-105,0
2026-08-10 19:42:30,221.60,49.90,-105,0
2026-08-10 19:42:32,220.50,66.03,-105,1
2026-08-10 19:42:34,222.40,51.07,-105,0
2026-08-10 19:42:36,223.50,50.22,-105,0
2026-08-10 19:42:38,224.50,49.73,-105,0
2026-08-10 19:42:40,222.30,50.22,-105,0
2026-08-10 19:42:44,220.20,52.52,-105,1
2026-08-10 19:42:46,221.80,49.85,-105,0
2026-08-10 19:42:48,221.70,49.83,-105,0
2026-08-10 19:42:50,221.50,50.23,-999,0
2026-08-10 19:42:52,220.70,49.99,-999,0
2026-08-10 19:42:54,220.60,56.48,-999,1
2026-08-10 19:42:56,223.00,52.23,-999,1
2026-08-10 19:42:58,221.70,49.85,-999,0
2026-08-10 19:43:00,223.90,50.34,-999,0
2026-08-10 19:43:02,222.20,49.84,-999,0
2026-08-10 19:43:04,222.20,49.46,-999,0
2026-08-10 19:43:06,221.40,49.49,-999,0
2026-08-10 19:43:08,226.30,52.26,-999,1
2026-08-10 19:43:10,222.60,49.86,-999,0
2026-08-10 19:43:12,221.10,49.85,-999,0
2026-08-10 19:43:14,220.60,50.00,-999,0
2026-08-10 19:43:16,223.20,50.20,-999,0
2026-08-10 19:43:18,220.80,50.30,-999,0
2026-08-10 19:43:20,222.70,53.79,-999,1
2026-08-10 19:43:22,224.20,50.25,-999,0
2026-08-10 19:43:24,221.40,49.85,-999,0
2026-08-10 19:43:26,223.30,49.90,-999,0
2026-08-10 19:43:28,222.50,49.83,-999,0
2026-08-10 19:43:30,224.80,49.72,-999,0
2026-08-10 19:43:32,222.10,49.89,-999,0
2026-08-10 19:43:34,216.30,49.63,-999,0
2026-08-10 19:43:36,223.20,50.21,-999,0
2026-08-10 19:43:38,223.30,49.49,-999,0
2026-08-10 19:43:40,221.60,54.45,-999,1
2026-08-10 19:43:42,222.90,52.41,-999,1
2026-08-10 19:43:44,222.70,50.62,-999,0
2026-08-10 19:43:46,224.80,49.65,-999,0
2026-08-10 19:43:48,220.90,49.84,-999,0
2026-08-10 19:43:50,222.00,49.84,-999,0
2026-08-10 19:43:52,221.50,49.56,-999,0
2026-08-10 19:43:54,221.20,49.86,-999,0
2026-08-10 19:43:56,220.40,50.10,-999,0
2026-08-10 19:43:58,222.50,50.21,-999,0
2026-08-10 19:44:00,222.30,50.00,-999,0
2026-08-10 19:44:02,221.40,50.22,-999,0
2026-08-10 19:44:04,220.50,49.70,-999,0
2026-08-10 19:44:06,222.30,49.91,-999,0
2026-08-10 19:44:08,223.40,50.06,-999,0
2026-08-10 19:44:10,222.50,50.22,-999,0
2026-08-10 19:44:12,222.20,49.85,-999,0
2026-08-10 19:44:14,220.90,50.08,-999,0
2026-08-10 19:44:16,222.30,50.00,-999,0
2026-08-10 19:44:18,223.60,49.85,-999,0
2026-08-10 19:44:20,224.80,49.93,-999,0
2026-08-10 19:44:22,223.10,50.01,-999,0
2026-08-10 19:44:24,221.60,49.84,-999,0
2026-08-10 19:44:26,221.90,50.18,-999,0
2026-08-10 19:44:28,223.50,49.99,-999,0
2026-08-10 19:44:30,221.90,50.19,-999,0
2026-08-10 19:44:32,223.10,49.83,-999,0
2026-08-10 19:44:34,224.80,50.12,-999,0
2026-08-10 19:44:36,221.80,49.85,-999,0
2026-08-10 19:44:38,225.00,49.82,-999,0
2026-08-10 19:44:40,223.20,50.68,-999,0
2026-08-10 19:44:42,222.80,50.01,-999,0
2026-08-10 19:44:44,222.60,49.85,-999,0
2026-08-10 19:44:46,222.70,49.84,-999,0
2026-08-10 19:44:48,217.20,50.21,-999,0
2026-08-10 19:44:50,219.30,50.71,-999,0
2026-08-10 19:44:52,218.00,51.27,-999,0
2026-08-10 19:44:54,218.40,53.37,-999,1
2026-08-10 19:44:56,217.70,56.01,-999,1
2026-08-10 19:44:58,218.40,49.85,-999,0
2026-08-10 19:45:00,215.30,49.84,-999,0
2026-08-10 19:45:02,218.70,50.21,-999,0
2026-08-10 19:45:04,218.20,49.55,-999,0
2026-08-10 19:45:06,217.70,50.23,-999,0
2026-08-10 19:45:08,219.30,50.42,-999,0
2026-08-10 19:45:10,218.00,49.83,-999,0
2026-08-10 19:45:12,217.30,50.00,-999,0
2026-08-10 19:45:14,216.60,49.84,-999,0
2026-08-10 19:45:16,217.70,49.79,-999,0
2026-08-10 19:45:18,218.30,51.74,-999,1
2026-08-10 19:45:20,215.30,55.12,-999,1
2026-08-10 19:45:22,222.20,49.86,-999,0
2026-08-10 19:45:24,217.50,50.22,-999,0
2026-08-10 19:45:26,219.60,50.50,-999,0
2026-08-10 19:45:28,217.70,49.85,-999,0
2026-08-10 19:45:30,216.60,50.09,-999,0
2026-08-10 19:45:32,218.50,51.89,-999,1
2026-08-10 19:45:34,218.70,55.98,-999,1
2026-08-10 19:45:36,217.70,50.44,-999,0
2026-08-10 19:45:38,217.10,49.69,-999,0
2026-08-10 19:45:40,216.40,49.77,-999,0
2026-08-10 19:45:42,219.10,51.46,-999,0
2026-08-10 19:45:44,216.50,50.06,-999,0
2026-08-10 19:45:46,220.60,50.67,-999,0
2026-08-10 19:45:48,217.50,55.74,-999,1
2026-08-10 19:45:50,215.60,49.77,-999,0
2026-08-10 19:45:52,219.80,50.29,-999,0
2026-08-10 19:45:54,217.70,49.85,-999,0
2026-08-10 19:45:56,219.30,50.07,-999,0
2026-08-10 19:45:58,216.90,50.21,-999,0
2026-08-10 19:46:00,219.90,50.17,-999,0
2026-08-10 19:46:02,219.00,50.19,-999,0
2026-08-10 19:46:04,217.00,52.47,-999,1
2026-08-10 19:46:06,217.80,56.53,-999,1
2026-08-10 19:46:08,216.90,50.18,-999,0
2026-08-10 19:46:10,217.00,49.84,-999,0
2026-08-10 19:46:12,215.60,50.00,-999,0
2026-08-10 19:46:14,217.40,50.01,-999,0
2026-08-10 19:46:16,216.80,49.87,-999,0
2026-08-10 19:46:18,217.80,50.09,-999,0
2026-08-10 19:46:20,216.50,49.84,-999,0
2026-08-10 19:46:22,218.30,49.74,-999,0
2026-08-10 19:46:24,218.10,49.85,-999,0
2026-08-10 19:46:26,216.80,49.84,-999,0
2026-08-10 19:46:28,217.00,49.85,-999,0
2026-08-10 19:46:30,219.20,49.87,-999,0
2026-08-10 19:46:32,215.70,49.98,-999,0
2026-08-10 19:46:34,216.50,50.19,-999,0
2026-08-10 19:46:36,219.10,50.01,-999,0
2026-08-10 19:46:38,214.80,50.01,-999,0
2026-08-10 19:46:40,216.80,49.85,-999,0
2026-08-10 19:46:42,219.40,50.49,-999,0
2026-08-10 19:46:44,218.30,49.85,-999,0
2026-08-10 19:46:46,216.80,49.34,-999,0
2026-08-10 19:46:48,216.90,49.86,-999,0
2026-08-10 19:46:50,212.30,50.04,-999,0
2026-08-10 19:46:52,217.80,50.20,-999,0
2026-08-10 19:46:54,218.40,49.69,-999,0
2026-08-10 19:46:56,217.70,50.21,-999,0
2026-08-10 19:46:58,217.40,49.86,-999,0
2026-08-10 19:47:00,216.90,50.12,-999,0
2026-08-10 19:47:02,216.60,50.20,-999,0
2026-08-10 19:47:06,218.40,53.15,-999,1
2026-08-10 19:47:08,218.30,51.55,-999,1
2026-08-10 19:47:10,217.00,49.65,-999,0
2026-08-10 19:47:12,218.30,50.14,-999,0
2026-08-10 19:47:14,217.80,49.83,-999,0
2026-08-10 19:47:16,218.10,49.99,-999,0
2026-08-10 19:47:18,217.50,50.22,-999,0
2026-08-10 19:47:20,220.00,49.65,-999,0
2026-08-10 19:47:22,216.60,56.96,-999,1
2026-08-10 19:47:24,216.50,53.11,-999,1
2026-08-10 19:47:26,217.40,50.15,-999,0
2026-08-10 19:47:28,218.50,49.97,-999,0
2026-08-10 19:47:30,217.20,50.21,-999,0
2026-08-10 19:47:32,215.10,50.13,-999,0
2026-08-10 19:47:34,217.20,49.92,-999,0
2026-08-10 19:47:36,217.00,49.83,-999,0
2026-08-10 19:47:38,217.70,49.97,-999,0
2026-08-10 19:47:40,217.20,54.21,-999,1
2026-08-10 19:47:42,217.20,51.81,-999,1
2026-08-10 19:47:44,217.00,50.10,-999,0
2026-08-10 19:47:46,219.10,49.93,-999,0
2026-08-10 19:47:48,217.40,49.84,-999,0
2026-08-10 19:47:50,216.20,50.03,-999,0
2026-08-10 19:47:52,216.80,50.20,-999,0
2026-08-10 19:47:54,217.10,49.73,-999,0
2026-08-10 19:47:56,216.30,49.78,-999,0
2026-08-10 19:47:58,214.00,55.45,-999,1
2026-08-10 19:48:00,216.80,53.49,-999,1
2026-08-10 19:48:02,217.20,50.78,-999,0
2026-08-10 19:48:04,217.00,50.00,-999,0
2026-08-10 19:48:06,216.50,49.85,-999,0
2026-08-10 19:48:08,216.70,50.33,-999,0
2026-08-10 19:48:10,217.10,49.85,-999,0
2026-08-10 19:48:12,214.30,49.86,-999,0
2026-08-10 19:48:14,218.10,50.23,-999,0
2026-08-10 19:48:16,218.00,50.38,-999,0
2026-08-10 19:48:18,214.90,49.80,-999,0
2026-08-10 19:48:20,221.80,49.74,-999,0
2026-08-10 19:48:22,220.30,50.00,-999,0
2026-08-10 19:48:24,217.30,49.85,-999,0
2026-08-10 19:48:26,217.60,49.96,-999,0
2026-08-10 19:48:28,216.70,50.22,-999,0
2026-08-10 19:48:30,216.00,50.12,-999,0
2026-08-10 19:48:32,215.70,50.22,-999,0
2026-08-10 19:48:34,217.90,49.93,-999,0
2026-08-10 19:48:36,216.30,49.48,-999,0
2026-08-10 19:48:40,217.70,49.85,-999,0
2026-08-10 19:48:42,217.40,50.49,-999,0
2026-08-10 19:48:44,215.60,50.57,-999,0
2026-08-10 19:48:46,212.10,50.02,-999,0
2026-08-10 19:48:48,216.00,50.98,-999,0
2026-08-10 19:48:50,215.00,54.26,-999,1
2026-08-10 19:48:52,215.90,49.86,-999,0
2026-08-10 19:48:54,216.10,50.22,-999,0
2026-08-10 19:48:56,215.60,50.20,-999,0
2026-08-10 19:48:58,216.20,50.61,-999,0
2026-08-10 19:49:00,214.80,49.97,-999,0
2026-08-10 19:49:02,216.20,50.22,-999,0
2026-08-10 19:49:04,215.40,54.06,-999,1
2026-08-10 19:49:06,216.20,50.60,-999,0
2026-08-10 19:49:08,216.60,49.83,-999,0
2026-08-10 19:49:10,215.80,50.20,-999,0
2026-08-10 19:49:12,215.90,50.51,-999,0
2026-08-10 19:49:14,217.20,50.56,-999,0
2026-08-10 19:49:16,216.20,50.12,-999,0
2026-08-10 19:49:18,215.20,49.86,-999,0
2026-08-10 19:49:20,216.90,49.79,-999,0
2026-08-10 19:49:22,216.10,50.22,-999,0
2026-08-10 19:49:24,213.70,54.58,-999,1
2026-08-10 19:49:26,215.70,55.33,-999,1
2026-08-10 19:49:28,216.70,56.12,-999,1
2026-08-10 19:49:30,216.60,49.75,-999,0
2026-08-10 19:49:32,214.40,49.48,-999,0
2026-08-10 19:49:34,216.20,49.90,-999,0
2026-08-10 19:49:36,214.80,51.60,-999,1
2026-08-10 19:49:38,217.90,49.52,-999,0
2026-08-10 19:49:40,215.80,49.85,-999,0
2026-08-10 19:49:42,219.40,50.47,-999,0
2026-08-10 19:49:44,215.90,49.77,-999,0
2026-08-10 19:49:46,216.50,50.27,-999,0
2026-08-10 19:49:48,215.70,50.18,-999,0
2026-08-10 19:49:50,215.40,51.70,-999,1
2026-08-10 19:49:52,217.40,53.48,-999,1
2026-08-10 19:49:54,214.10,49.83,-999,0
2026-08-10 19:49:56,216.40,50.19,-999,0
2026-08-10 19:49:58,217.60,49.71,-999,0
2026-08-10 19:50:00,216.20,49.90,-999,0
2026-08-10 19:50:02,211.60,50.02,-999,0
2026-08-10 19:50:04,217.20,49.85,-999,0
2026-08-10 19:50:06,216.60,50.43,-999,0
2026-08-10 19:50:08,215.20,49.83,-999,0
2026-08-10 19:50:10,216.90,49.83,-999,0
2026-08-10 19:50:12,219.10,49.75,-999,0
2026-08-10 19:50:14,215.80,49.84,-999,0
2026-08-10 19:50:16,217.60,50.20,-999,0
2026-08-10 19:50:18,216.10,50.20,-999,0
2026-08-10 19:50:20,215.40,50.46,-999,0
2026-08-10 19:50:22,215.80,52.95,-999,1
2026-08-10 19:50:24,214.90,52.86,-999,1
2026-08-10 19:50:26,217.00,55.54,-999,1
2026-08-10 19:50:28,216.40,55.07,-999,1
2026-08-10 19:50:30,221.30,56.27,-999,1
2026-08-10 19:50:32,216.70,50.22,-999,0
2026-08-10 19:50:34,216.10,49.83,-999,0
2026-08-10 19:50:36,217.10,49.82,-999,0
2026-08-10 19:50:38,218.10,50.03,-999,0
2026-08-10 19:50:40,220.90,48.17,-999,1
2026-08-10 19:50:42,215.40,50.10,-999,0
2026-08-10 19:50:44,216.60,50.12,-999,0
2026-08-10 19:50:46,215.40,49.97,-999,0
2026-08-10 19:50:48,216.50,50.20,-999,0
2026-08-10 19:50:50,213.20,50.01,-999,0
2026-08-10 19:50:52,217.10,50.21,-999,0
2026-08-10 19:50:54,218.10,49.92,-999,0
2026-08-10 19:50:56,216.30,49.82,-999,0
2026-08-10 19:50:58,222.40,49.62,-999,0
2026-08-10 19:51:00,216.40,50.37,-999,0
2026-08-10 19:51:02,217.20,53.33,-999,1
2026-08-10 19:51:04,216.10,56.97,-999,1
2026-08-10 19:51:06,216.60,50.23,-999,0
2026-08-10 19:51:08,217.20,50.20,-999,0
2026-08-10 19:51:10,213.60,50.18,-999,0
2026-08-10 19:51:12,215.70,49.84,-999,0
2026-08-10 19:51:14,218.90,50.01,-999,0
2026-08-10 19:51:16,215.90,54.54,-999,1
2026-08-10 19:51:18,216.70,50.20,-999,0
2026-08-10 19:51:20,215.00,49.83,-999,0
2026-08-10 19:51:22,217.90,49.81,-999,0
2026-08-10 19:51:24,216.20,50.03,-999,0
2026-08-10 19:51:26,217.70,50.35,-999,0
2026-08-10 19:51:28,215.70,54.46,-999,1
2026-08-10 19:51:30,216.50,50.22,-999,0
2026-08-10 19:51:32,212.50,49.89,-999,0
2026-08-10 19:51:34,218.00,50.49,-999,0
2026-08-10 19:51:36,216.00,50.00,-999,0
2026-08-10 19:51:38,216.60,50.31,-999,0
2026-08-10 19:51:40,215.40,50.14,-999,0
2026-08-10 19:51:42,216.00,50.88,-999,0
2026-08-10 19:51:44,214.30,49.82,-999,0
2026-08-10 19:51:46,216.40,49.87,-999,0
2026-08-10 19:51:48,216.10,49.86,-999,0
2026-08-10 19:51:50,216.30,50.12,-999,0
2026-08-10 19:51:52,217.90,49.85,-999,0
2026-08-10 19:51:54,216.20,49.84,-999,0
2026-08-10 19:51:56,217.40,50.58,-999,0
2026-08-10 19:51:58,213.60,49.94,-999,0
2026-08-10 19:52:00,216.40,52.96,-999,1
2026-08-10 19:52:02,213.70,56.72,-999,1
2026-08-10 19:52:04,217.20,50.29,-999,0
2026-08-10 19:52:06,216.20,49.85,-999,0
2026-08-10 19:52:08,216.00,49.90,-999,0
2026-08-10 19:52:10,219.00,50.02,-999,0
2026-08-10 19:52:12,216.70,49.84,-999,0
2026-08-10 19:52:14,217.40,49.84,-999,0
2026-08-10 19:52:16,215.40,50.13,-999,0
2026-08-10 19:52:18,217.20,49.81,-999,0
2026-08-10 19:52:20,219.70,50.85,-999,0
2026-08-10 19:52:22,216.00,49.84,-999,0
2026-08-10 19:52:24,214.90,50.18,-999,0
2026-08-10 19:52:26,218.70,50.20,-999,0
2026-08-10 19:52:28,217.20,50.00,-999,0
2026-08-10 19:52:30,215.40,49.83,-999,0
2026-08-10 19:52:32,215.90,55.06,-999,1
2026-08-10 19:52:34,216.20,49.85,-999,0
2026-08-10 19:52:36,216.70,49.48,-999,0
2026-08-10 19:52:38,218.70,49.81,-999,0
2026-08-10 19:52:40,216.30,49.48,-999,0
2026-08-10 19:52:42,216.30,51.53,-999,1
2026-08-10 19:52:44,215.40,50.22,-999,0
2026-08-10 19:52:46,216.20,49.75,-999,0
2026-08-10 19:52:48,213.60,54.39,-999,1
2026-08-10 19:52:50,216.40,49.85,-999,0
2026-08-10 19:52:52,216.90,50.18,-999,0
2026-08-10 19:52:54,215.20,51.84,-999,1
2026-08-10 19:52:56,215.70,49.49,-999,0
2026-08-10 19:52:58,215.60,50.17,-999,0
2026-08-10 19:53:00,215.70,54.00,-999,1
2026-08-10 19:53:02,215.50,51.18,-999,0
2026-08-10 19:53:04,215.90,49.84,-999,0
2026-08-10 19:53:06,215.50,53.43,-999,1
2026-08-10 19:53:08,215.40,49.84,-999,0
2026-08-10 19:53:10,215.70,49.86,-999,0
2026-08-10 19:53:12,216.10,57.21,-999,1
2026-08-10 19:53:14,213.40,49.78,-999,0
2026-08-10 19:53:16,217.10,49.85,-999,0
2026-08-10 19:53:18,216.30,49.49,-999,0
2026-08-10 19:53:20,215.90,49.80,-999,0
2026-08-10 19:53:22,217.30,50.21,-999,0
2026-08-10 19:53:24,216.50,50.18,-999,0
2026-08-10 19:53:26,217.00,49.12,-999,0
2026-08-10 19:53:28,215.30,49.82,-999,0
2026-08-10 19:53:30,216.90,54.88,-999,1
2026-08-10 19:53:32,215.40,49.82,-999,0
2026-08-10 19:53:34,216.60,49.84,-999,0
2026-08-10 19:53:36,214.00,49.98,-999,0
2026-08-10 19:53:38,217.10,49.86,-999,0
2026-08-10 19:53:40,222.00,50.87,-999,0
2026-08-10 19:53:42,216.50,50.20,-999,0
2026-08-10 19:53:44,217.90,49.54,-999,0
2026-08-10 19:53:46,217.40,49.82,-999,0
2026-08-10 19:53:48,218.70,49.57,-999,0
2026-08-10 19:53:50,217.30,49.87,-999,0
2026-08-10 19:53:52,215.10,53.72,-999,1
2026-08-10 19:53:55,215.70,50.30,-999,0
2026-08-10 19:54:06,213.30,49.46,-999,0
2026-08-10 19:54:11,217.80,49.62,-999,0
2026-08-10 19:54:21,216.00,56.02,-999,1
2026-08-10 19:54:25,216.70,49.85,-999,0
2026-08-10 19:54:28,215.70,49.83,-999,0
2026-08-10 19:54:29,214.60,49.62,-999,0
2026-08-10 19:54:31,216.50,49.86,-999,0
2026-08-10 19:54:33,210.40,49.33,-999,0
2026-08-10 19:54:35,217.10,51.15,-999,0
2026-08-10 19:54:37,215.20,50.13,-999,0
2026-08-10 19:54:39,217.50,49.83,-999,0
2026-08-10 19:54:41,219.80,52.84,-999,1
2026-08-10 19:54:43,217.00,49.83,-999,0
2026-08-10 19:54:45,216.10,50.04,-999,0
2026-08-10 19:54:47,216.70,54.66,-999,1
2026-08-10 19:54:49,220.00,49.74,-999,0
2026-08-10 19:54:51,216.80,49.86,-999,0
2026-08-10 19:54:53,216.30,56.67,-999,1
2026-08-10 19:54:55,216.60,49.83,-999,0
2026-08-10 19:54:57,216.50,49.82,-999,0
2026-08-10 19:54:59,216.50,49.79,-999,0
2026-08-10 19:55:01,219.00,50.34,-999,0
2026-08-10 19:55:03,218.20,50.11,-999,0
2026-08-10 19:55:05,217.70,49.84,-999,0
2026-08-10 19:55:07,222.40,49.77,-999,0
2026-08-10 19:55:09,216.60,49.85,-999,0
2026-08-10 19:55:11,217.90,49.97,-999,0
2026-08-10 19:55:13,217.70,50.22,-999,0
2026-08-10 19:55:15,217.10,50.46,-999,0
2026-08-10 19:55:17,216.90,50.00,-999,0
2026-08-10 19:55:20,216.00,51.65,-999,1
2026-08-10 19:55:21,216.50,56.02,-999,1
2026-08-10 19:55:23,217.90,49.39,-999,0
2026-08-10 19:55:25,216.90,49.78,-999,0
2026-08-10 19:55:27,217.40,49.84,-999,0
2026-08-10 19:55:29,216.50,55.65,-999,1
2026-08-10 19:55:31,218.60,49.47,-999,0
2026-08-10 19:55:33,218.70,50.36,-999,0
2026-08-10 19:55:35,217.60,49.84,-999,0
2026-08-10 19:55:37,217.30,50.87,-999,0
2026-08-10 19:55:39,216.60,49.84,-999,0
2026-08-10 19:55:41,219.90,49.44,-999,0
2026-08-10 19:55:43,216.10,50.37,-999,0
2026-08-10 19:55:45,216.30,50.15,-111,0
2026-08-10 19:55:47,217.10,49.26,-111,0
2026-08-10 19:55:49,217.70,49.78,-111,0
2026-08-10 19:55:51,216.80,54.25,-113,1
2026-08-10 19:55:53,216.60,49.47,-113,0
2026-08-10 19:55:55,215.80,49.65,-113,0
2026-08-10 19:55:57,216.30,49.81,-110,0
2026-08-10 19:55:59,216.90,56.49,-110,1
2026-08-10 19:56:01,216.50,50.60,-110,0
2026-08-10 19:56:03,218.10,50.00,-112,0
2026-08-10 19:56:05,217.00,49.84,-112,0
2026-08-10 19:56:07,216.30,53.23,-112,1
2026-08-10 19:56:09,216.50,49.84,-111,0
2026-08-10 19:56:11,215.40,49.78,-111,0
2026-08-10 19:56:13,218.30,49.82,-111,0
2026-08-10 19:56:15,215.60,52.36,-109,1
2026-08-10 19:56:17,216.00,49.84,-109,0
2026-08-10 19:56:19,215.80,49.70,-109,0
2026-08-10 19:56:21,216.40,49.74,-109,0
2026-08-10 19:56:23,217.90,53.37,-108,1
2026-08-10 19:56:25,216.30,49.45,-108,0
2026-08-10 19:56:27,216.20,49.86,-108,0
2026-08-10 19:56:29,219.00,49.89,-108,0
2026-08-10 19:56:31,220.00,49.48,-108,0
2026-08-10 19:56:33,216.70,50.33,-108,0
2026-08-10 19:56:35,218.60,49.83,-108,0
2026-08-10 19:56:37,215.50,50.63,-108,0
2026-08-10 19:56:39,216.40,49.85,-110,0
2026-08-10 19:56:41,215.80,49.78,-110,0
2026-08-10 19:56:43,215.50,49.82,-110,0
2026-08-10 19:56:45,214.60,54.91,-113,1
2026-08-10 19:56:47,216.80,50.79,-113,0
2026-08-10 19:56:49,217.60,49.92,-113,0
2026-08-10 19:56:51,215.30,50.42,-108,0
2026-08-10 19:56:53,218.20,50.04,-108,0
2026-08-10 19:56:55,215.40,50.74,-108,0
2026-08-10 19:56:57,216.10,49.72,-108,0
2026-08-10 19:56:59,216.90,49.87,-108,0
2026-08-10 19:57:01,217.70,49.85,-110,0
2026-08-10 19:57:03,215.00,49.98,-110,0
2026-08-10 19:57:05,217.20,53.16,-110,1
2026-08-10 19:57:07,218.00,50.00,-110,0
2026-08-10 19:57:09,215.90,50.23,-107,0
2026-08-10 19:57:11,214.00,49.90,-107,0
2026-08-10 19:57:13,215.10,49.84,-107,0
2026-08-10 19:57:15,217.10,49.66,-111,0
2026-08-10 19:57:17,215.40,49.67,-111,0
2026-08-10 19:57:19,212.20,56.44,-111,1
2026-08-10 19:57:21,215.20,52.51,-108,1
2026-08-10 19:57:23,213.70,49.83,-108,0
2026-08-10 19:57:25,217.10,50.27,-108,0
2026-08-10 19:57:27,218.60,49.85,-108,0
2026-08-10 19:57:29,215.80,49.85,-108,0
2026-08-10 19:57:31,212.30,49.84,-108,0
2026-08-10 19:57:33,217.80,50.02,-108,0
2026-08-10 19:57:35,215.60,49.85,-108,0
2026-08-10 19:57:37,213.10,51.19,-113,0
2026-08-10 19:57:39,213.70,49.81,-113,0
2026-08-10 19:57:41,212.70,50.10,-113,0
2026-08-10 19:57:43,215.20,49.87,-109,0
2026-08-10 19:57:45,215.10,49.66,-109,0
2026-08-10 19:57:47,214.90,50.06,-109,0
2026-08-10 19:57:49,216.70,49.41,-109,0
2026-08-10 19:57:51,213.60,50.20,-108,0
2026-08-10 19:57:53,214.70,56.76,-108,1
2026-08-10 19:57:55,213.70,56.01,-108,1
2026-08-10 19:57:57,213.30,54.92,-107,1
2026-08-10 19:57:59,214.70,54.01,-107,1
2026-08-10 19:58:01,212.00,52.88,-107,1
2026-08-10 19:58:03,213.10,52.00,-110,1
2026-08-10 19:58:05,214.40,50.83,-110,0
2026-08-10 19:58:07,212.40,49.78,-110,0
2026-08-10 19:58:09,214.10,49.81,-110,0
2026-08-10 19:58:11,214.30,50.04,-110,0
2026-08-10 19:58:13,213.50,49.84,-110,0
2026-08-10 19:58:15,217.30,50.22,-111,0
2026-08-10 19:58:17,214.60,49.84,-111,0
2026-08-10 19:58:19,215.00,50.37,-111,0
2026-08-10 19:58:21,212.30,49.86,-111,0
2026-08-10 19:58:23,212.20,49.94,-108,0
2026-08-10 19:58:25,213.90,50.19,-108,0
2026-08-10 19:58:27,209.90,50.22,-108,0
2026-08-10 19:58:29,214.40,49.83,-111,0
2026-08-10 19:58:31,211.10,49.99,-111,0
2026-08-10 19:58:33,214.10,50.04,-111,0
2026-08-10 19:58:35,213.40,49.83,-111,0
2026-08-10 19:58:37,214.10,50.00,-111,0
2026-08-10 19:58:39,213.60,50.00,-112,0
2026-08-10 19:58:41,212.90,50.09,-112,0
2026-08-10 19:58:43,214.20,50.20,-112,0
2026-08-10 19:58:45,213.80,50.11,-109,0
2026-08-10 19:58:47,214.10,49.86,-109,0
2026-08-10 19:58:49,216.70,49.85,-109,0
2026-08-10 19:58:51,215.80,49.79,-113,0
2026-08-10 19:58:53,212.90,50.11,-113,0
2026-08-10 19:58:55,214.20,49.99,-113,0
2026-08-10 19:58:57,212.40,49.72,-113,0
2026-08-10 19:58:59,213.40,50.22,-113,0
2026-08-10 19:59:01,212.80,49.84,-113,0
2026-08-10 19:59:03,214.60,49.84,-111,0
2026-08-10 19:59:05,215.00,50.21,-111,0
2026-08-10 19:59:07,216.50,50.24,-111,0
2026-08-10 19:59:09,214.40,50.20,-111,0
2026-08-10 19:59:11,212.70,54.38,-111,1
2026-08-10 19:59:13,215.00,50.56,-111,0
2026-08-10 19:59:15,207.60,50.07,-111,0
2026-08-10 19:59:17,213.70,49.84,-113,0
2026-08-10 19:59:19,218.20,49.74,-113,0
2026-08-10 19:59:21,214.40,55.79,-113,1
2026-08-10 19:59:23,211.00,50.37,-112,0
2026-08-10 19:59:25,214.50,49.83,-112,0
2026-08-10 19:59:27,210.20,50.01,-112,0
2026-08-10 19:59:29,213.70,51.34,-114,0
2026-08-10 19:59:31,213.10,49.54,-114,0
2026-08-10 19:59:33,214.20,49.84,-114,0
2026-08-10 19:59:35,214.50,51.42,-114,0
2026-08-10 19:59:37,213.00,49.83,-114,0
2026-08-10 19:59:39,216.60,50.19,-114,0
2026-08-10 19:59:41,213.60,54.62,-114,1
2026-08-10 19:59:43,216.70,49.85,-114,0
2026-08-10 19:59:45,212.90,50.35,-109,0
2026-08-10 19:59:47,213.40,57.03,-109,1
2026-08-10 19:59:49,213.00,49.84,-109,0
2026-08-10 19:59:51,215.30,50.20,-112,0
2026-08-10 19:59:53,213.40,49.37,-112,0
2026-08-10 19:59:55,214.50,50.19,-112,0
2026-08-10 19:59:57,213.20,49.91,-112,0
2026-08-10 19:59:59,214.30,50.19,-112,0
2026-08-10 20:00:01,215.70,51.18,-112,0
2026-08-10 20:00:03,213.50,50.22,-112,0
2026-08-10 20:00:05,213.10,49.48,-111,0
2026-08-10 20:00:07,214.40,51.75,-111,1
2026-08-10 20:00:09,212.00,49.83,-111,0
2026-08-10 20:00:11,212.60,50.33,-108,0
2026-08-10 20:00:13,214.10,49.84,-108,0
2026-08-10 20:00:16,216.30,50.46,-109,0
2026-08-10 20:00:19,214.80,49.57,-109,0
2026-08-10 20:00:21,214.40,49.83,-109,0
2026-08-10 20:00:23,215.20,56.63,-107,1
2026-08-10 20:00:25,213.50,49.49,-107,0
2026-08-10 20:00:27,215.10,50.08,-107,0
2026-08-10 20:00:29,213.50,55.78,-109,1
2026-08-10 20:00:31,216.40,50.18,-109,0
2026-08-10 20:00:33,215.10,49.71,-109,0
2026-08-10 20:00:35,218.60,55.51,-109,1
2026-08-10 20:00:37,213.90,49.84,-109,0
2026-08-10 20:00:39,212.20,50.06,-109,0
2026-08-10 20:00:41,214.40,49.74,-109,0
2026-08-10 20:00:43,214.70,49.47,-109,0
2026-08-10 20:00:45,213.40,49.82,-108,0
2026-08-10 20:00:47,214.40,49.84,-108,0
2026-08-10 20:00:49,214.20,49.96,-108,0
2026-08-10 20:00:51,214.80,49.75,-109,0
2026-08-10 20:00:53,208.20,51.91,-109,1
2026-08-10 20:00:55,216.60,51.92,-109,1
2026-08-10 20:01:01,215.40,50.10,-109,0
2026-08-10 20:01:01,213.20,55.11,-109,1
2026-08-10 20:01:03,214.70,51.70,-109,1
2026-08-10 20:01:05,215.50,49.87,-109,0
2026-08-10 20:01:07,214.50,49.84,-109,0
2026-08-10 20:01:09,211.20,51.92,-109,1
2026-08-10 20:01:11,214.40,49.58,-110,0
2026-08-10 20:01:13,216.30,49.51,-110,0
2026-08-10 20:01:15,215.40,56.83,-110,1
2026-08-10 20:01:17,215.30,49.86,-110,0
2026-08-10 20:01:19,215.50,49.80,-110,0
2026-08-10 20:58:28,0.00,0.00,-999,1
2026-08-10 20:58:30,19.00,50.00,-999,1
2026-08-10 20:58:32,3.50,0.00,-999,1
2026-08-10 20:58:34,0.00,0.00,-999,1
2026-08-10 20:58:50,3.40,0.00,-999,1
2026-08-10 20:58:52,0.00,0.00,-999,1
2026-08-10 20:59:34,5.10,0.00,-999,1
2026-08-10 20:59:36,0.00,0.00,-999,1
2026-08-10 21:00:20,3.80,0.00,-999,1
2026-08-10 21:00:22,0.00,0.00,-999,1
2026-08-10 21:00:30,4.70,0.00,-999,1
2026-08-10 21:00:32,0.00,0.00,-999,1
2026-08-10 21:00:34,2.70,0.00,-999,1
2026-08-10 21:00:36,42.60,50.00,-999,1
2026-08-10 21:00:38,0.00,0.00,-999,1
2026-08-10 21:00:44,7.80,0.00,-999,1
2026-08-10 21:00:46,6.50,0.00,-999,1
2026-08-10 21:00:48,4.70,0.00,-999,1
2026-08-10 21:00:50,0.00,0.00,-999,1
2026-08-10 21:00:52,5.10,0.00,-999,1
2026-08-10 21:00:54,0.00,0.00,-999,1
2026-08-10 21:01:10,7.30,0.00,-999,1
2026-08-10 21:01:12,0.00,0.00,-999,1
2026-08-10 21:01:40,3.60,0.00,-999,1
2026-08-10 21:01:42,0.00,0.00,-999,1
2026-08-10 21:01:56,3.00,0.00,-999,1
2026-08-10 21:01:58,8.60,0.00,-999,1
2026-08-10 21:02:00,0.00,0.00,-999,1
2026-08-10 21:02:02,7.20,0.00,-999,1
2026-08-10 21:02:04,0.00,0.00,-999,1
2026-08-10 21:02:06,3.70,0.00,-999,1
2026-08-10 21:02:08,0.00,0.00,-999,1
2026-08-10 21:02:44,5.00,0.00,-999,1
2026-08-10 21:02:46,0.00,0.00,-999,1
2026-08-10 21:02:56,3.90,0.00,-999,1
2026-08-10 21:02:58,0.00,0.00,-999,1
2026-08-10 21:03:14,8.50,0.00,-999,1
2026-08-10 21:03:16,0.00,0.00,-999,1
2026-08-10 21:03:18,3.70,0.00,-999,1
2026-08-10 21:03:20,0.00,0.00,-999,1
2026-08-10 21:03:32,20.20,50.00,-999,1
2026-08-10 21:03:34,0.00,0.00,-999,1
2026-08-10 21:03:36,6.00,0.00,-999,1
2026-08-10 21:03:38,0.00,0.00,-999,1
2026-08-10 21:03:50,20.80,50.00,-999,1
2026-08-10 21:03:52,0.00,0.00,-999,1
2026-08-10 21:04:40,3.30,0.00,-999,1
2026-08-10 21:04:42,0.00,0.00,-999,1
2026-08-10 21:04:44,6.00,0.00,-999,1
2026-08-10 21:04:46,0.00,0.00,-999,1
2026-08-10 21:04:52,4.40,0.00,-999,1
2026-08-10 21:04:54,0.00,0.00,-999,1
2026-08-10 21:04:56,2.80,0.00,-999,1
2026-08-10 21:04:58,0.00,0.00,-999,1
2026-08-10 21:05:19,18.00,60.18,-999,1
2026-08-10 21:05:21,0.00,0.00,-999,1
2026-08-10 21:05:25,16.70,54.81,-999,1
2026-08-10 21:05:28,0.00,0.00,-999,1
2026-08-10 21:05:33,4.90,0.00,-999,1
2026-08-10 21:05:35,0.00,0.00,-999,1
2026-08-10 21:05:47,21.40,50.00,-999,1
2026-08-10 21:05:49,0.00,0.00,-999,1
2026-08-10 21:06:21,7.20,0.00,-999,1
2026-08-10 21:06:23,0.00,0.00,-999,1
2026-08-10 21:06:33,59.40,50.00,-999,1
2026-08-10 21:06:35,0.00,0.00,-999,1
2026-08-10 21:06:43,218.50,50.81,-999,0
2026-08-10 21:06:45,220.30,50.19,-999,0
2026-08-10 21:06:47,215.60,50.14,-999,0
2026-08-10 21:06:49,222.10,54.54,-999,1
2026-08-10 21:06:51,221.50,50.54,-999,0
2026-08-10 21:06:53,222.30,50.01,-999,0
2026-08-10 21:06:55,218.80,54.28,-999,1
2026-08-10 21:06:57,224.10,49.04,-999,0
2026-08-10 21:06:59,220.50,50.56,-999,0
2026-08-10 21:07:01,214.50,52.57,-999,1
2026-08-10 21:07:03,221.90,50.19,-999,0
2026-08-10 21:07:05,211.80,50.00,-999,0
2026-08-10 21:07:07,220.60,50.20,-999,0
2026-08-10 21:07:09,227.50,55.80,-999,1
2026-08-10 21:07:11,219.70,50.21,-999,0
2026-08-10 21:07:13,221.20,50.37,-999,0
2026-08-10 21:07:15,222.30,50.89,-999,0
2026-08-10 21:07:17,218.70,49.91,-999,0
2026-08-10 21:07:19,223.20,50.22,-999,0
2026-08-10 21:07:21,216.90,49.97,-999,0
2026-08-10 21:07:23,220.40,50.22,-999,0
2026-08-10 21:07:25,219.40,50.07,-999,0
2026-08-10 21:07:27,220.20,50.19,-999,0
2026-08-10 21:07:29,217.50,50.22,-999,0
2026-08-10 21:07:31,222.40,48.90,-999,0
2026-08-10 21:07:33,221.50,50.22,-999,0
2026-08-10 21:07:35,216.60,55.67,-999,1
2026-08-10 21:07:37,219.70,49.83,-999,0
2026-08-10 21:07:39,217.50,50.41,-999,0
2026-08-10 21:07:41,220.90,55.10,-999,1
2026-08-10 21:07:43,223.20,50.76,-999,0
2026-08-10 21:07:47,217.20,54.87,-999,1
2026-08-10 21:07:49,222.00,49.95,-999,0
2026-08-10 21:07:51,222.10,50.00,-999,0
2026-08-10 21:07:53,220.70,50.07,-999,0
2026-08-10 21:07:55,220.70,50.40,-999,0
2026-08-10 21:07:57,221.50,50.97,-999,0
2026-08-10 21:08:00,221.00,50.21,-999,0
2026-08-10 21:08:01,215.70,49.82,-999,0
2026-08-10 21:08:03,222.00,50.20,-999,0
2026-08-10 21:08:05,217.10,50.21,-999,0
2026-08-10 21:08:07,219.40,50.21,-999,0
2026-08-10 21:08:09,225.70,50.04,-999,0
2026-08-10 21:08:11,219.90,49.88,-999,0
2026-08-10 21:08:13,215.60,49.94,-999,0
2026-08-10 21:08:15,221.30,50.19,-999,0
2026-08-10 21:08:17,223.50,51.89,-999,1
2026-08-10 21:08:19,221.70,50.13,-999,0
2026-08-10 21:08:21,224.30,50.12,-999,0
2026-08-10 21:08:23,221.50,50.20,-999,0
2026-08-10 21:08:25,223.50,51.30,-999,0
2026-08-10 21:08:27,224.90,50.31,-999,0
2026-08-10 21:08:29,220.10,50.19,-999,0
2026-08-10 21:08:31,215.00,50.48,-999,0
2026-08-10 21:08:33,220.70,49.86,-999,0
2026-08-10 21:08:35,219.20,50.71,-999,0
2026-08-10 21:08:37,221.30,50.37,-999,0
2026-08-10 21:08:39,229.40,50.86,-999,0
2026-08-10 21:08:41,222.90,49.48,-999,0
2026-08-10 21:08:43,222.50,51.14,-999,0
2026-08-10 21:08:45,220.70,50.00,-999,0
2026-08-10 21:08:47,221.80,49.66,-999,0
2026-08-10 21:08:49,221.90,52.27,-999,1
2026-08-10 21:08:51,221.50,49.82,-999,0
2026-08-10 21:08:53,222.50,50.20,-999,0
2026-08-10 21:08:55,224.80,56.23,-999,1
2026-08-10 21:08:57,219.70,49.84,-999,0
2026-08-10 21:08:59,222.10,50.20,-999,0
2026-08-10 21:09:01,224.00,56.35,-999,1
2026-08-10 21:09:03,221.00,50.19,-999,0
2026-08-10 21:09:05,226.60,49.78,-999,0
2026-08-10 21:09:07,224.00,57.12,-999,1
2026-08-10 21:09:09,221.10,47.55,-999,1
2026-08-10 21:09:11,220.90,50.22,-999,0
2026-08-10 21:09:13,214.90,56.55,-999,1
2026-08-10 21:09:15,222.80,50.16,-999,0
2026-08-10 21:09:17,227.40,51.48,-999,0
2026-08-10 21:09:19,222.20,50.19,-999,0
2026-08-10 21:09:21,220.40,50.28,-999,0
2026-08-10 21:09:23,227.20,50.22,-999,0
2026-08-10 21:09:25,219.40,49.23,-999,0
2026-08-10 21:09:27,227.20,50.24,-999,0
2026-08-10 21:09:29,227.70,50.58,-999,0
2026-08-10 21:09:32,231.80,50.67,-103,0
2026-08-10 21:09:33,227.80,50.21,-103,0
2026-08-10 21:09:35,221.30,50.20,-103,0
2026-08-10 21:09:37,227.10,49.97,-103,0
2026-08-10 21:09:39,224.10,49.31,-103,0
2026-08-10 21:09:41,226.50,51.16,-103,0
2026-08-10 21:09:43,233.30,51.09,-103,0
2026-08-10 21:09:45,227.70,50.20,-105,0
2026-08-10 21:09:47,223.70,52.61,-105,1
2026-08-10 21:09:49,226.10,50.60,-105,0
2026-08-10 21:09:51,231.70,50.20,-103,0
2026-08-10 21:09:53,227.40,56.48,-103,1
2026-08-10 21:09:55,229.30,51.12,-103,0
2026-08-10 21:09:57,227.90,50.67,-110,0
2026-08-10 21:09:59,227.40,50.22,-110,0
2026-08-10 21:10:02,222.70,49.86,-110,0
2026-08-10 21:10:03,226.30,50.96,-110,0
2026-08-10 21:10:05,228.50,49.94,-105,0
2026-08-10 21:10:07,227.90,50.21,-105,0
2026-08-10 21:10:09,224.90,50.54,-105,0
2026-08-10 21:10:11,227.00,50.19,-109,0
2026-08-10 21:10:13,231.40,46.92,-109,1
2026-08-10 21:10:15,227.30,50.22,-109,0
2026-08-10 21:10:17,226.70,49.59,-106,0
2026-08-10 21:10:19,227.70,51.55,-106,1
2026-08-10 21:10:21,224.70,56.81,-106,1
2026-08-10 21:10:23,226.60,55.78,-107,1
2026-08-10 21:10:25,225.40,56.39,-107,1
2026-08-10 21:10:27,225.00,49.96,-107,0
2026-08-10 21:10:29,225.90,50.21,-105,0
2026-08-10 21:10:31,228.30,50.51,-105,0
2026-08-10 21:10:33,225.30,55.76,-105,1
2026-08-10 21:10:35,226.80,53.73,-105,1
2026-08-10 21:10:37,223.00,50.78,-105,0
2026-08-10 21:10:39,229.30,49.07,-105,0
2026-08-10 21:10:41,225.80,49.83,-105,0
2026-08-10 21:10:43,228.80,43.39,-105,1
2026-08-10 21:10:45,222.40,49.81,-105,0
2026-08-10 21:10:49,226.00,50.00,-105,0
2026-08-10 21:11:00,224.70,49.47,-102,0
2026-08-10 21:11:04,222.10,49.85,-104,0
2026-08-10 21:11:05,226.10,48.71,-104,0
2026-08-10 21:11:07,222.10,50.03,-104,0
2026-08-10 21:11:09,222.40,50.07,-104,0
2026-08-10 21:11:11,224.40,49.80,-104,0
2026-08-10 21:11:13,218.40,56.57,-104,1
2026-08-10 21:11:15,222.40,55.72,-104,1
2026-08-10 21:11:17,223.40,55.03,-104,1
2026-08-10 21:11:19,222.80,54.66,-104,1
2026-08-10 21:11:21,220.00,54.84,-104,1
2026-08-10 21:11:23,222.50,50.21,-105,0
2026-08-10 21:11:25,219.60,55.03,-105,1
2026-08-10 21:11:27,222.40,56.94,-105,1
2026-08-10 21:11:29,224.10,55.56,-105,1
2026-08-10 21:11:32,220.60,49.75,-108,0
2026-08-10 21:11:33,223.00,56.48,-108,1
2026-08-10 21:11:35,226.10,57.28,-108,1
2026-08-10 21:11:37,220.90,57.30,-105,1
2026-08-10 21:11:39,224.90,50.31,-105,0
2026-08-10 21:11:41,222.50,49.80,-105,0
2026-08-10 21:11:43,219.10,50.32,-105,0
2026-08-10 21:11:45,226.10,50.18,-105,0
2026-08-10 21:11:47,225.70,51.64,-108,1
2026-08-10 21:11:49,222.80,50.20,-108,0
2026-08-10 21:11:51,224.00,49.80,-108,0
2026-08-10 21:11:53,223.70,50.18,-105,0
2026-08-10 21:11:55,220.30,49.80,-105,0
2026-08-10 21:11:57,224.10,51.63,-105,1
2026-08-10 21:11:59,222.60,49.72,-104,0
2026-08-10 21:12:01,223.70,49.84,-104,0
2026-08-10 21:12:03,224.00,49.86,-104,0
2026-08-10 21:12:05,221.50,49.85,-104,0
2026-08-10 21:12:07,222.50,50.14,-108,0
2026-08-10 21:12:09,225.60,50.64,-108,0
2026-08-10 21:12:11,223.70,49.85,-108,0
2026-08-10 21:12:13,219.30,50.06,-105,0
2026-08-10 21:12:15,225.00,50.18,-105,0
2026-08-10 21:12:17,217.90,49.94,-105,0
2026-08-10 21:12:19,224.10,49.43,-105,0
2026-08-10 21:12:21,229.00,49.78,-105,0
2026-08-10 21:12:23,225.20,50.00,-105,0
2026-08-10 21:12:25,214.90,49.65,-103,0
2026-08-10 21:12:27,222.00,49.91,-103,0
2026-08-10 21:12:29,227.20,49.92,-103,0
2026-08-10 21:12:31,223.30,49.95,-103,0
2026-08-10 21:12:33,222.10,49.86,-103,0
2026-08-10 21:12:35,222.30,50.44,-103,0
2026-08-10 21:12:37,220.80,49.82,-103,0
2026-08-10 21:12:39,221.00,50.11,-106,0
2026-08-10 21:12:41,222.30,49.86,-106,0
2026-08-10 21:12:43,226.00,49.35,-106,0
2026-08-10 21:12:45,222.20,50.21,-106,0
2026-08-10 21:12:47,229.20,50.09,-106,0
2026-08-10 21:12:49,222.70,49.83,-107,0
2026-08-10 21:12:51,220.00,50.44,-107,0
2026-08-10 21:12:53,223.90,51.74,-107,1
2026-08-10 21:12:55,218.90,50.49,-107,0
2026-08-10 21:12:57,221.60,52.95,-109,1
2026-08-10 21:12:59,222.50,56.05,-109,1
2026-08-10 21:13:01,225.00,49.86,-109,0
2026-08-10 21:13:03,223.70,49.83,-106,0
2026-08-10 21:13:05,222.60,50.20,-106,0
2026-08-10 21:13:07,221.80,50.95,-106,0
2026-08-10 21:13:09,224.40,50.60,-106,0
2026-08-10 21:13:11,226.40,49.84,-106,0
2026-08-10 21:13:13,222.50,52.25,-106,1
2026-08-10 21:13:15,225.00,56.00,-107,1
2026-08-10 21:13:17,220.90,50.00,-107,0
2026-08-10 21:13:19,226.10,50.16,-107,0
2026-08-10 21:13:21,226.80,50.25,-107,0
2026-08-10 21:13:23,226.90,50.21,-107,0
2026-08-10 21:13:25,221.80,50.01,-107,0
2026-08-10 21:13:27,224.80,54.86,-107,1
2026-08-10 21:13:29,223.30,50.00,-108,0
2026-08-10 21:13:31,226.40,50.67,-108,0
2026-08-10 21:13:33,223.60,49.85,-108,0
2026-08-10 21:13:35,225.00,49.83,-106,0
2026-08-10 21:13:37,222.40,51.88,-106,1
2026-08-10 21:13:39,222.10,50.18,-106,0
2026-08-10 21:13:41,224.90,50.20,-108,0
2026-08-10 21:13:43,222.40,52.43,-108,1
2026-08-10 21:13:45,224.90,49.82,-108,0
2026-08-10 21:13:47,220.40,50.21,-108,0
2026-08-10 21:13:49,224.30,54.67,-108,1
2026-08-10 21:13:51,220.60,50.29,-105,0
2026-08-10 21:13:53,224.20,49.84,-105,0
2026-08-10 21:13:55,222.20,50.01,-105,0
2026-08-10 21:13:57,224.30,49.85,-111,0
2026-08-10 21:13:59,222.20,49.81,-111,0
2026-08-10 21:14:01,223.80,54.06,-111,1
2026-08-10 21:14:03,221.80,49.90,-111,0
2026-08-10 21:14:05,225.00,49.45,-108,0
2026-08-10 21:14:07,222.70,50.36,-108,0
2026-08-10 21:14:09,226.30,52.04,-108,1
2026-08-10 21:14:11,226.30,50.15,-109,0
2026-08-10 21:14:13,225.90,50.17,-109,0
2026-08-10 21:14:15,225.60,50.22,-109,0
2026-08-10 21:14:17,222.70,49.60,-107,0
2026-08-10 21:14:19,225.30,50.58,-107,0
2026-08-10 21:14:21,223.50,55.92,-107,1
2026-08-10 21:14:23,224.70,50.22,-106,0
2026-08-10 21:14:25,222.00,50.25,-106,0
2026-08-10 21:14:27,226.40,50.16,-106,0
2026-08-10 21:14:29,219.00,50.90,-106,0
2026-08-10 21:14:31,224.40,56.39,-107,1
2026-08-10 21:14:33,222.10,50.14,-107,0
2026-08-10 21:14:35,226.00,50.67,-107,0
2026-08-10 21:14:37,224.60,49.69,-108,0
2026-08-10 21:14:39,223.80,50.01,-108,0
2026-08-10 21:14:41,223.30,55.33,-108,1
2026-08-10 21:14:43,225.30,50.30,-108,0
2026-08-10 21:14:45,224.70,50.20,-108,0
2026-08-10 21:14:47,222.10,50.29,-108,0
2026-08-10 21:14:49,225.30,50.60,-108,0
2026-08-10 21:14:51,222.20,56.84,-108,1
2026-08-10 21:14:53,226.50,49.85,-108,0
2026-08-10 21:14:55,224.70,50.01,-108,0
2026-08-10 21:14:57,226.00,50.20,-108,0
2026-08-10 21:14:59,231.30,56.58,-108,1
2026-08-10 21:15:01,225.00,50.11,-108,0
2026-08-10 21:15:03,227.90,51.51,-108,1
2026-08-10 21:15:05,227.00,55.48,-108,1
2026-08-10 21:15:07,228.90,49.78,-109,0
2026-08-10 21:15:09,223.90,50.56,-109,0
2026-08-10 21:15:11,219.70,52.72,-109,1
2026-08-10 21:15:13,222.90,49.88,-109,0
2026-08-10 21:15:15,223.20,50.21,-109,0
2026-08-10 21:15:17,224.80,50.37,-109,0
2026-08-10 21:15:19,226.20,49.88,-109,0
2026-08-10 21:15:21,228.40,50.04,-109,0
2026-08-10 21:15:23,225.70,50.21,-109,0
2026-08-10 21:15:25,227.80,53.24,-109,1
2026-08-10 21:15:27,227.80,50.29,-109,0
2026-08-10 21:15:29,227.00,50.85,-109,0
2026-08-10 21:15:31,224.90,50.56,-109,0
2026-08-10 21:15:33,219.20,57.09,-110,1
2026-08-10 21:15:35,226.60,49.95,-110,0
2026-08-10 21:15:37,225.80,49.63,-110,0
2026-08-10 21:15:39,224.10,51.14,-110,0
2026-08-10 21:15:41,225.20,50.20,-110,0
2026-08-10 21:15:43,224.80,50.20,-110,0
2026-08-10 21:15:45,223.70,49.83,-109,0
2026-08-10 21:15:47,225.70,50.89,-109,0
2026-08-10 21:15:49,225.20,55.77,-109,1
2026-08-10 21:15:51,229.50,52.17,-109,1
2026-08-10 21:15:53,225.60,50.20,-109,0
2026-08-10 21:15:55,230.30,50.81,-109,0
2026-08-10 21:15:57,228.00,56.47,-109,1
2026-08-10 21:15:59,226.10,50.28,-109,0
2026-08-10 21:16:01,225.70,50.22,-107,0
2026-08-10 21:16:03,219.30,51.72,-107,1
2026-08-10 21:16:05,226.60,50.00,-107,0
2026-08-10 21:16:07,228.60,50.00,-107,0
2026-08-10 21:16:09,224.50,50.31,-107,0
2026-08-10 21:16:11,228.30,54.46,-107,1
2026-08-10 21:16:13,223.90,50.48,-107,0
2026-08-10 21:16:15,226.00,50.27,-107,0
2026-08-10 21:16:17,226.20,50.19,-107,0
2026-08-10 21:16:19,224.10,56.02,-107,1
2026-08-10 21:16:21,229.00,48.94,-109,0
2026-08-10 21:16:23,225.90,50.21,-109,0
2026-08-10 21:16:25,223.60,50.36,-109,0
2026-08-10 21:16:27,226.30,55.76,-109,1
2026-08-10 21:16:29,224.30,49.94,-109,0
2026-08-10 21:16:31,225.90,50.22,-109,0
2026-08-10 21:16:33,222.10,50.00,-111,0
2026-08-10 21:16:35,226.40,55.98,-111,1
2026-08-10 21:16:37,221.00,50.14,-111,0
2026-08-10 21:16:39,226.30,50.02,-109,0
2026-08-10 21:16:41,228.50,50.01,-109,0
2026-08-10 21:16:43,224.80,50.39,-109,0
2026-08-10 21:16:45,228.40,57.05,-109,1
2026-08-10 21:16:47,225.20,50.12,-111,0
2026-08-10 21:16:49,227.10,49.85,-111,0
2026-08-10 21:16:51,226.70,54.66,-111,1
2026-08-10 21:16:53,225.90,50.16,-111,0
2026-08-10 21:16:55,227.80,50.30,-111,0
2026-08-10 21:16:57,224.70,50.22,-111,0
2026-08-10 21:16:59,227.90,50.85,-111,0
2026-08-10 21:17:01,224.20,50.54,-111,0
2026-08-10 21:17:03,231.10,53.52,-110,1
2026-08-10 21:17:05,225.40,55.86,-110,1
2026-08-10 21:17:07,222.60,49.54,-110,0
2026-08-10 21:17:09,225.90,49.85,-109,0
2026-08-10 21:17:11,217.10,50.01,-109,0
2026-08-10 21:17:13,224.40,50.21,-109,0
2026-08-10 21:17:15,223.60,50.04,-109,0
2026-08-10 21:17:17,229.00,50.27,-109,0
2026-08-10 21:17:19,225.50,49.83,-109,0
2026-08-10 21:17:21,220.80,50.50,-109,0
2026-08-10 21:17:23,224.30,50.57,-108,0
2026-08-10 21:17:25,221.80,49.70,-108,0
2026-08-10 21:17:27,224.50,50.57,-108,0
2026-08-10 21:17:29,223.10,52.88,-109,1
2026-08-10 21:17:31,224.10,55.11,-109,1
2026-08-10 21:17:33,228.70,57.34,-109,1
2026-08-10 21:17:35,224.20,49.85,-109,0
2026-08-10 21:17:37,231.00,50.00,-108,0
2026-08-10 21:17:39,224.80,49.83,-108,0
2026-08-10 21:17:41,223.40,49.44,-108,0
2026-08-10 21:17:43,225.70,50.64,-110,0
2026-08-10 21:17:45,220.60,49.85,-110,0
2026-08-10 21:17:47,225.40,50.94,-110,0
2026-08-10 21:17:49,221.70,54.29,-108,1
2026-08-10 21:17:51,229.20,50.80,-108,0
2026-08-10 21:17:53,224.30,50.21,-108,0
2026-08-10 21:17:55,228.70,49.69,-108,0
2026-08-10 21:17:57,224.70,50.56,-108,0
2026-08-10 21:17:59,231.50,50.53,-107,0
2026-08-10 21:18:01,224.90,50.20,-107,0
2026-08-10 21:18:03,227.10,50.00,-107,0
2026-08-10 21:18:05,226.60,52.28,-107,1
2026-08-10 21:18:07,226.90,56.49,-114,1
2026-08-10 21:18:09,226.30,49.99,-114,0
2026-08-10 21:18:11,222.70,50.23,-114,0
2026-08-10 21:18:13,226.30,50.65,-109,0
2026-08-10 21:18:15,224.80,49.85,-109,0
2026-08-10 21:18:17,224.40,50.17,-109,0
2026-08-10 21:18:19,227.30,50.00,-111,0
2026-08-10 21:18:21,227.90,50.35,-111,0
2026-08-10 21:18:23,224.80,52.54,-111,1
2026-08-10 21:18:25,225.80,55.78,-107,1
2026-08-10 21:18:27,224.30,50.20,-107,0
2026-08-10 21:18:29,226.20,50.39,-107,0
2026-08-10 21:18:31,227.40,49.82,-107,0
2026-08-10 21:18:33,226.80,50.66,-109,0
2026-08-10 21:18:35,225.90,49.81,-109,0
2026-08-10 21:18:37,223.20,50.00,-109,0
2026-08-10 21:18:39,225.50,51.36,-110,0
2026-08-10 21:18:41,219.50,49.82,-110,0
2026-08-10 21:18:43,224.80,49.83,-110,0
2026-08-10 21:18:45,219.90,51.63,-109,1
2026-08-10 21:18:47,224.10,50.19,-109,0
2026-08-10 21:18:49,227.10,51.35,-109,0
2026-08-10 21:18:51,225.20,50.00,-111,0
2026-08-10 21:18:53,224.80,50.20,-111,0
2026-08-10 21:18:55,226.70,53.62,-111,1
2026-08-10 21:18:57,225.70,52.95,-111,1
2026-08-10 21:18:59,223.80,56.90,-111,1
2026-08-10 21:19:01,225.80,50.17,-111,0
2026-08-10 21:19:03,223.20,50.11,-110,0
2026-08-10 21:19:05,224.50,50.22,-110,0
2026-08-10 21:19:07,221.90,50.00,-110,0
2026-08-10 21:19:09,225.60,50.20,-106,0
2026-08-10 21:19:11,223.40,49.01,-106,0
2026-08-10 21:19:13,225.40,51.23,-106,0
2026-08-10 21:19:15,225.90,53.86,-106,1
2026-08-10 21:19:17,225.00,56.72,-106,1
2026-08-10 21:19:19,225.50,49.80,-106,0
2026-08-10 21:19:21,225.90,50.21,-109,0
2026-08-10 21:19:23,224.50,50.22,-109,0
2026-08-10 21:19:25,224.90,49.83,-109,0
2026-08-10 21:19:27,225.20,49.55,-109,0
2026-08-10 21:19:29,221.30,50.01,-110,0
2026-08-10 21:19:31,224.90,50.20,-110,0
2026-08-10 21:19:33,226.20,50.88,-110,0
2026-08-10 21:19:35,225.30,55.79,-108,1
2026-08-10 21:19:37,226.90,50.15,-108,0
2026-08-10 21:19:39,225.80,50.17,-108,0
2026-08-10 21:19:41,226.70,50.79,-111,0
2026-08-10 21:19:43,226.30,50.13,-111,0
2026-08-10 21:19:45,226.20,49.70,-111,0
2026-08-10 21:19:47,226.20,50.21,-111,0
2026-08-10 21:19:49,226.50,51.25,-112,0
2026-08-10 21:19:51,225.40,54.55,-112,1
2026-08-10 21:19:53,224.40,50.20,-112,0
2026-08-10 21:19:55,223.80,49.87,-109,0
2026-08-10 21:19:57,224.50,50.22,-109,0
2026-08-10 21:19:59,219.90,49.93,-109,0
2026-08-10 21:20:01,225.70,50.97,-109,0
2026-08-10 21:20:03,220.10,56.04,-109,1
2026-08-10 21:20:05,225.00,50.22,-107,0
2026-08-10 21:20:07,221.60,50.00,-107,0
2026-08-10 21:20:09,227.10,50.59,-107,0
2026-08-10 21:20:11,218.20,50.00,-107,0
2026-08-10 21:20:13,225.50,51.67,-107,1
2026-08-10 21:20:15,220.20,49.46,-107,0
2026-08-10 21:20:17,226.30,50.16,-107,0
2026-08-10 21:20:19,222.80,49.68,-107,0
2026-08-10 21:20:21,226.00,49.75,-107,0
2026-08-10 21:20:23,225.10,55.73,-107,1
2026-08-10 21:20:25,223.10,50.59,-112,0
2026-08-10 21:20:27,227.70,49.86,-112,0
2026-08-10 21:20:29,227.00,52.31,-112,1
2026-08-10 21:20:31,225.40,49.83,-107,0
2026-08-10 21:20:33,231.30,50.43,-107,0
2026-08-10 21:20:35,226.70,50.60,-107,0
2026-08-10 21:20:37,222.70,49.99,-110,0
2026-08-10 21:20:39,226.50,50.21,-110,0
2026-08-10 21:20:41,224.90,50.53,-110,0
2026-08-10 21:20:43,224.10,50.04,-109,0
2026-08-10 21:20:45,226.20,49.72,-109,0
2026-08-10 21:20:47,226.70,50.15,-109,0
2026-08-10 21:20:49,228.20,57.10,-106,1
2026-08-10 21:20:51,225.80,50.20,-106,0
2026-08-10 21:20:53,225.90,49.84,-106,0
2026-08-10 21:20:55,221.70,49.79,-108,0
2026-08-10 21:20:57,223.90,49.83,-108,0
2026-08-10 21:21:00,224.40,50.59,-108,0
2026-08-10 21:21:01,226.50,50.17,-108,0
2026-08-10 21:21:03,229.20,50.68,-108,0
2026-08-10 21:21:05,225.90,50.20,-108,0
2026-08-10 21:21:07,225.70,64.21,-108,1
2026-08-10 21:21:09,224.10,50.58,-108,0
2026-08-10 21:21:11,216.80,50.00,-108,0
2026-08-10 21:21:13,225.50,55.58,-111,1
2026-08-10 21:21:15,231.90,49.76,-111,0
2026-08-10 21:21:17,226.00,50.15,-111,0
2026-08-10 21:21:19,227.20,57.05,-108,1
2026-08-10 21:21:21,224.50,50.43,-108,0
2026-08-10 21:21:23,222.70,49.92,-108,0
2026-08-10 21:21:25,227.50,50.09,-108,0
2026-08-10 21:21:27,224.90,50.56,-108,0
2026-08-10 21:21:30,222.30,49.84,-108,0
2026-08-10 21:21:31,225.70,55.78,-107,1
2026-08-10 21:21:34,229.60,50.33,-107,0
2026-08-10 21:21:35,225.20,51.91,-107,1
2026-08-10 21:21:38,227.90,50.28,-107,0
2026-08-10 21:21:39,225.50,50.22,-107,0
2026-08-10 21:21:41,222.90,49.76,-107,0
2026-08-10 21:21:45,228.60,49.41,-111,0
2026-08-10 21:21:47,224.20,51.34,-111,0
2026-08-10 21:21:49,226.50,50.27,-111,0
2026-08-10 21:21:51,225.20,50.12,-107,0
2026-08-10 21:21:53,222.60,50.31,-107,0
2026-08-10 21:21:55,226.00,50.04,-107,0
2026-08-10 21:21:57,226.20,50.20,-109,0
2026-08-10 21:21:59,221.20,52.27,-109,1
2026-08-10 21:22:01,225.30,50.56,-109,0
2026-08-10 21:22:03,228.90,50.64,-109,0
2026-08-10 21:22:05,225.00,52.15,-109,1
2026-08-10 21:22:07,225.00,50.79,-108,0
2026-08-10 21:22:09,226.10,50.60,-108,0
2026-08-10 21:22:11,224.10,52.79,-108,1
2026-08-10 21:22:13,224.60,49.94,-108,0
2026-08-10 21:22:15,226.20,50.00,-109,0
2026-08-10 21:22:17,225.00,53.68,-109,1
2026-08-10 21:22:19,230.00,52.41,-109,1
2026-08-10 21:22:21,225.50,50.06,-107,0
2026-08-10 21:22:23,227.90,52.90,-107,1
2026-08-10 21:22:25,224.20,50.09,-107,0
2026-08-10 21:22:27,225.20,50.60,-108,0
2026-08-10 21:22:29,227.70,53.34,-108,1
2026-08-10 21:22:31,225.40,49.84,-108,0
2026-08-10 21:22:33,230.10,50.78,-107,0
2026-08-10 21:22:35,225.50,52.34,-107,1
2026-08-10 21:22:37,221.60,50.29,-107,0
2026-08-10 21:22:39,227.40,50.20,-106,0
2026-08-10 21:22:41,225.20,51.86,-106,1
2026-08-10 21:22:43,225.90,50.22,-106,0
2026-08-10 21:22:45,230.50,49.98,-106,0
2026-08-10 21:22:47,225.20,52.53,-105,1
2026-08-10 21:22:49,223.80,50.20,-105,0
2026-08-10 21:22:51,225.70,50.28,-105,0
2026-08-10 21:22:53,226.60,55.10,-108,1
2026-08-10 21:22:55,222.70,50.03,-108,0
2026-08-10 21:22:57,225.60,51.53,-108,1
2026-08-10 21:23:00,228.90,50.74,-107,0
2026-08-10 21:23:01,225.20,50.55,-107,0
2026-08-10 21:23:03,225.00,51.24,-107,0
2026-08-10 21:23:05,225.00,50.22,-107,0
2026-08-10 21:23:07,223.60,50.00,-107,0
2026-08-10 21:23:09,227.60,50.19,-107,0
2026-08-10 21:23:11,230.30,49.83,-107,0
2026-08-10 21:23:13,226.20,50.12,-107,0
2026-08-10 21:23:15,229.20,51.28,-107,0
2026-08-10 21:23:17,227.00,55.78,-105,1
2026-08-10 21:23:19,225.80,52.36,-105,1
2026-08-10 21:23:21,226.10,50.17,-105,0
2026-08-10 21:23:23,227.20,54.19,-104,1
2026-08-10 21:23:25,223.70,49.82,-104,0
2026-08-10 21:23:27,227.90,49.96,-104,0
2026-08-10 21:23:29,227.40,53.44,-104,1
2026-08-10 21:23:31,226.90,50.18,-104,0
2026-08-10 21:23:33,230.40,48.75,-104,0
2026-08-10 21:23:35,226.30,53.16,-104,1
2026-08-10 21:23:37,217.30,50.19,-106,0
2026-08-10 21:23:39,228.20,50.23,-106,0
2026-08-10 21:23:41,232.00,53.14,-106,1
2026-08-10 21:23:43,225.70,50.10,-107,0
2026-08-10 21:23:45,226.30,51.27,-107,0
2026-08-10 21:23:47,224.80,50.21,-107,0
2026-08-10 21:23:49,230.50,50.14,-105,0
2026-08-10 21:23:51,225.60,50.27,-105,0
2026-08-10 21:23:53,224.60,50.21,-105,0
2026-08-10 21:23:55,227.60,49.76,-104,0
2026-08-10 21:23:57,227.20,50.02,-104,0
2026-08-10 21:23:59,226.10,52.99,-104,1
2026-08-10 21:24:01,226.00,55.77,-104,1
2026-08-10 21:24:03,225.10,50.31,-106,0
2026-08-10 21:24:05,227.90,50.21,-106,0
2026-08-10 21:24:07,225.40,50.00,-106,0
2026-08-10 21:24:09,227.20,49.81,-106,0
2026-08-10 21:24:11,223.90,50.23,-106,0
2026-08-10 21:24:13,227.60,50.19,-105,0
2026-08-10 21:24:15,223.70,51.48,-105,0
2026-08-10 21:24:17,227.90,50.26,-105,0
2026-08-10 21:24:19,223.80,50.12,-105,0
2026-08-10 21:24:21,227.20,49.91,-105,0
2026-08-10 21:24:23,227.40,49.83,-105,0
2026-08-10 21:24:25,227.50,50.39,-104,0
2026-08-10 21:24:27,227.60,53.76,-104,1
2026-08-10 21:24:29,230.70,50.07,-104,0
2026-08-10 21:24:31,227.70,50.21,-103,0
2026-08-10 21:24:33,223.10,50.57,-103,0
2026-08-10 21:24:35,227.40,52.59,-103,1
2026-08-10 21:24:37,222.40,50.20,-103,0
2026-08-10 21:24:39,229.50,50.21,-103,0
2026-08-10 21:24:41,225.50,49.97,-103,0
2026-08-10 21:24:43,227.50,50.98,-103,0
2026-08-10 21:24:45,232.70,49.82,-106,0
2026-08-10 21:24:47,226.70,50.12,-106,0
2026-08-10 21:24:49,232.50,49.63,-106,0
2026-08-10 21:24:51,227.50,50.10,-107,0
2026-08-10 21:24:53,230.00,55.32,-107,1
2026-08-10 21:24:55,228.50,51.26,-107,0
2026-08-10 21:24:57,234.30,51.67,-107,1
2026-08-10 21:24:59,230.70,53.42,-107,1
2026-08-10 21:25:01,230.00,50.60,-107,0
2026-08-10 21:25:03,229.00,50.14,-106,0
2026-08-10 21:25:05,229.10,50.36,-106,0
2026-08-10 21:25:07,224.90,50.33,-106,0
2026-08-10 21:25:09,224.40,50.16,-106,0
2026-08-10 21:25:11,229.80,50.72,-106,0
2026-08-10 21:25:13,229.10,54.71,-107,1
2026-08-10 21:25:15,231.40,51.73,-107,1
2026-08-10 21:25:17,228.30,50.46,-107,0
2026-08-10 21:25:19,226.80,51.80,-106,1
2026-08-10 21:25:21,228.10,50.48,-106,0
2026-08-10 21:25:23,227.10,49.73,-106,0
2026-08-10 21:25:25,228.20,51.37,-106,0
2026-08-10 21:25:27,228.00,50.34,-105,0
2026-08-10 21:25:29,227.80,50.14,-105,0
2026-08-10 21:25:31,227.90,53.57,-105,1
2026-08-10 21:25:33,231.30,50.56,-105,0
2026-08-10 21:25:35,228.70,50.20,-105,0
2026-08-10 21:25:37,225.00,50.24,-105,0
2026-08-10 21:25:39,226.80,49.75,-105,0
2026-08-10 21:25:41,225.30,50.54,-105,0
2026-08-10 21:25:43,229.10,50.21,-105,0
2026-08-10 21:25:45,235.70,63.51,-105,1
2026-08-10 21:25:47,228.40,50.47,-105,0
2026-08-10 21:25:49,230.20,51.09,-105,0
2026-08-10 21:25:51,229.00,53.53,-104,1
2026-08-10 21:25:53,226.80,50.13,-104,0
2026-08-10 21:25:55,229.10,50.01,-104,0
2026-08-10 21:25:57,228.70,50.14,-107,0
2026-08-10 21:25:59,227.20,49.27,-107,0
2026-08-10 21:26:01,228.20,50.24,-107,0
2026-08-10 21:26:03,229.60,49.99,-108,0
2026-08-10 21:26:05,228.30,50.21,-108,0
2026-08-10 21:26:07,232.90,50.56,-108,0
2026-08-10 21:26:09,227.40,49.83,-108,0
2026-08-10 21:26:11,224.50,50.12,-108,0
2026-08-10 21:26:13,230.60,49.83,-108,0
2026-08-10 21:26:15,227.90,50.03,-109,0
2026-08-10 21:26:17,227.90,62.73,-109,1
2026-08-10 21:26:19,226.50,50.28,-109,0
2026-08-10 21:26:21,228.80,50.23,-106,0
2026-08-10 21:26:23,225.80,55.56,-106,1
2026-08-10 21:26:25,228.40,49.81,-106,0
2026-08-10 21:26:27,227.80,50.02,-107,0
2026-08-10 21:26:29,228.70,54.49,-107,1
2026-08-10 21:26:31,227.30,50.14,-107,0
2026-08-10 21:26:33,227.20,50.04,-107,0
2026-08-10 21:26:35,229.30,51.33,-107,0
2026-08-10 21:26:37,231.60,50.43,-107,0
2026-08-10 21:26:39,230.90,50.42,-107,0
2026-08-10 21:26:41,226.40,50.41,-108,0
2026-08-10 21:26:43,227.10,49.84,-108,0
2026-08-10 21:26:45,225.30,50.43,-108,0
2026-08-10 21:26:47,228.00,50.19,-107,0
2026-08-10 21:26:49,231.50,49.81,-107,0
2026-08-10 21:26:51,227.70,50.17,-107,0
2026-08-10 21:26:53,229.50,50.05,-107,0
2026-08-10 21:26:55,226.50,50.22,-107,0
2026-08-10 21:26:57,225.10,50.22,-107,0
2026-08-10 21:26:59,228.20,50.30,-108,0
2026-08-10 21:27:01,227.70,57.75,-108,1
2026-08-10 21:27:03,226.60,50.59,-108,0
2026-08-10 21:27:05,227.10,50.23,-107,0
2026-08-10 21:27:07,229.30,57.34,-107,1
2026-08-10 21:27:09,227.70,50.12,-107,0
2026-08-10 21:27:11,227.10,50.12,-107,0
2026-08-10 21:27:13,227.80,56.90,-107,1
2026-08-10 21:27:15,226.60,50.71,-107,0
2026-08-10 21:27:17,226.90,50.20,-107,0
2026-08-10 21:27:19,231.70,56.95,-107,1
2026-08-10 21:27:21,228.40,49.91,-107,0
2026-08-10 21:27:23,225.40,50.15,-107,0
2026-08-10 21:27:25,226.80,56.49,-107,1
2026-08-10 21:27:27,225.80,49.96,-107,0
2026-08-10 21:27:30,227.80,55.56,-107,1
2026-08-10 21:27:32,227.10,50.22,-107,0
2026-08-10 21:27:34,230.50,50.30,-107,0
2026-08-10 21:27:36,227.90,56.71,-107,1
2026-08-10 21:27:38,223.00,50.34,-107,0
2026-08-10 21:27:40,230.50,50.00,-110,0
2026-08-10 21:27:42,233.50,49.99,-110,0
2026-08-10 21:27:44,227.00,50.15,-110,0
2026-08-10 21:27:46,229.80,49.56,-107,0
2026-08-10 21:27:48,226.90,50.25,-107,0
2026-08-10 21:27:50,222.40,50.06,-107,0
2026-08-10 21:27:52,227.40,49.82,-110,0
2026-08-10 21:27:54,230.90,50.19,-110,0
2026-08-10 21:27:56,226.30,49.84,-110,0
2026-08-10 21:27:58,227.60,49.82,-109,0
2026-08-10 21:28:00,230.60,50.82,-109,0
2026-08-10 21:28:02,227.10,50.20,-109,0
2026-08-10 21:28:04,224.70,50.36,-107,0
2026-08-10 21:28:06,227.70,50.21,-107,0
2026-08-10 21:28:08,226.50,50.37,-107,0
2026-08-10 21:28:10,225.80,51.43,-107,0
2026-08-10 21:28:12,231.30,49.89,-106,0
2026-08-10 21:28:14,227.40,49.84,-106,0
2026-08-10 21:28:16,221.30,53.03,-106,1
2026-08-10 21:28:18,226.30,50.17,-106,0
2026-08-10 21:28:20,229.90,50.09,-106,0
2026-08-10 21:28:22,228.10,54.35,-106,1
2026-08-10 21:28:24,229.60,50.74,-106,0
2026-08-10 21:28:26,229.40,50.70,-106,0
2026-08-10 21:28:28,228.30,50.19,-106,0
2026-08-10 21:28:30,225.50,50.60,-106,0
2026-08-10 21:28:32,228.00,50.95,-106,0
2026-08-10 21:28:34,229.00,50.26,-108,0
2026-08-10 21:28:36,227.30,50.22,-108,0
2026-08-10 21:28:38,229.80,53.42,-108,1
2026-08-10 21:28:40,226.30,50.00,-108,0
2026-08-10 21:28:42,220.00,50.43,-109,0
2026-08-10 21:28:44,228.00,54.37,-109,1
2026-08-10 21:28:46,230.00,50.23,-109,0
2026-08-10 21:28:48,227.50,50.23,-108,0
2026-08-10 21:28:50,231.50,56.55,-108,1
2026-08-10 21:28:52,226.90,50.22,-108,0
2026-08-10 21:28:54,229.40,50.45,-106,0
2026-08-10 21:28:56,225.40,50.17,-106,0
2026-08-10 21:28:58,227.80,50.30,-106,0
2026-08-10 21:29:00,229.10,56.36,-105,1
2026-08-10 21:29:02,226.90,50.20,-105,0
2026-08-10 21:29:04,227.60,50.40,-105,0
2026-08-10 21:29:06,227.60,50.60,-104,0
2026-08-10 21:29:08,225.80,50.43,-104,0
2026-08-10 21:29:10,227.20,51.27,-104,0
2026-08-10 21:29:12,229.80,48.94,-104,0
2026-08-10 21:29:14,226.40,50.19,-104,0
2026-08-10 21:29:16,219.00,55.02,-104,1
2026-08-10 21:29:18,228.40,50.28,-104,0
2026-08-10 21:29:20,226.70,49.64,-104,0
2026-08-10 21:29:22,228.40,52.04,-104,1
2026-08-10 21:29:24,227.00,49.95,-105,0
2026-08-10 21:29:26,230.40,56.14,-105,1
2026-08-10 21:29:28,226.70,50.23,-105,0
2026-08-10 21:29:30,223.10,51.35,-107,0
2026-08-10 21:29:32,227.70,50.55,-107,0
2026-08-10 21:29:34,231.60,50.39,-107,0
2026-08-10 21:29:36,227.60,51.75,-105,1
2026-08-10 21:29:38,223.00,50.51,-105,0
2026-08-10 21:29:40,227.10,50.19,-105,0
2026-08-10 21:29:42,231.00,56.70,-104,1
2026-08-10 21:29:44,229.80,50.18,-104,0
2026-08-10 21:29:46,222.90,50.16,-104,0
2026-08-10 21:29:48,228.10,50.00,-104,0
2026-08-10 21:29:50,226.30,50.20,-104,0
2026-08-10 21:29:52,227.20,54.02,-104,1
2026-08-10 21:29:54,223.80,50.00,-107,0
2026-08-10 21:29:56,227.60,50.58,-107,0
2026-08-10 21:29:58,225.80,49.84,-107,0
2026-08-10 21:30:00,223.80,50.21,-107,0
2026-08-10 21:30:02,225.90,50.77,-106,0
2026-08-10 21:30:04,229.90,50.63,-106,0
2026-08-10 21:30:06,227.00,50.20,-106,0
2026-08-10 21:30:08,226.10,55.08,-107,1
2026-08-10 21:30:10,226.40,50.20,-107,0
2026-08-10 21:30:12,224.00,50.77,-107,0
2026-08-10 21:30:14,225.60,55.18,-109,1
2026-08-10 21:30:16,229.60,49.56,-109,0
2026-08-10 21:30:18,226.90,50.02,-109,0
2026-08-10 21:30:20,227.40,51.25,-109,0
2026-08-10 21:30:22,225.10,50.20,-109,0
2026-08-10 21:30:24,224.90,50.20,-107,0
2026-08-10 21:30:26,226.90,49.82,-107,0
2026-08-10 21:30:28,226.20,50.51,-107,0
2026-08-10 21:30:30,227.80,55.98,-110,1
2026-08-10 21:30:32,225.20,49.80,-110,0
2026-08-10 21:30:34,229.60,49.01,-110,0
2026-08-10 21:30:36,224.30,50.18,-110,0
2026-08-10 21:30:38,228.30,50.56,-108,0
2026-08-10 21:30:40,224.90,49.84,-108,0
2026-08-10 21:30:42,224.80,50.22,-108,0
2026-08-10 21:30:44,224.20,49.87,-107,0
2026-08-10 21:30:46,229.30,49.50,-107,0
2026-08-10 21:30:48,226.60,59.44,-107,1
2026-08-10 21:30:50,227.10,51.35,-106,0
2026-08-10 21:30:52,224.60,50.20,-106,0
2026-08-10 21:30:54,230.70,55.32,-106,1
2026-08-10 21:30:56,224.20,50.12,-107,0
2026-08-10 21:30:58,227.90,50.08,-107,0
2026-08-10 21:31:00,227.90,48.41,-107,1
2026-08-10 21:31:02,225.40,50.20,-107,0
2026-08-10 21:31:04,230.10,48.36,-104,1
2026-08-10 21:31:06,225.30,56.46,-104,1
2026-08-10 21:31:08,229.20,49.36,-104,0
2026-08-10 21:31:10,227.90,49.81,-105,0
2026-08-10 21:31:12,230.00,54.19,-105,1
2026-08-10 21:31:14,226.10,49.88,-105,0
2026-08-10 21:31:16,228.50,50.69,-105,0
2026-08-10 21:31:18,225.30,56.24,-105,1
2026-08-10 21:31:20,232.40,49.76,-105,0
2026-08-10 21:31:22,227.20,49.96,-105,0
2026-08-10 21:31:24,228.10,54.19,-105,1
2026-08-10 21:31:26,226.30,50.55,-105,0
2026-08-10 21:31:28,224.10,49.73,-105,0
2026-08-10 21:31:30,222.70,49.84,-105,0
2026-08-10 21:31:32,226.80,51.63,-105,1
2026-08-10 21:31:34,222.80,50.96,-106,0
2026-08-10 21:31:36,226.30,49.85,-106,0
2026-08-10 21:31:38,223.10,53.44,-106,1
2026-08-10 21:31:40,226.50,49.82,-105,0
2026-08-10 21:31:42,223.00,49.77,-105,0
2026-08-10 21:31:44,227.20,56.24,-105,1
2026-08-10 21:31:46,229.40,49.76,-106,0
2026-08-10 21:31:48,225.60,49.85,-106,0
2026-08-10 21:31:50,230.10,49.62,-106,0
2026-08-10 21:31:52,224.90,53.85,-106,1
2026-08-10 21:31:54,223.90,49.39,-106,0
2026-08-10 21:31:56,227.50,49.74,-106,0
2026-08-10 21:31:58,226.10,49.82,-106,0
2026-08-10 21:32:00,226.00,51.73,-107,1
2026-08-10 21:32:02,228.70,50.26,-107,0
2026-08-10 21:32:04,225.00,49.88,-107,0
2026-08-10 21:32:06,225.50,50.22,-106,0
2026-08-10 21:32:08,225.90,53.93,-106,1
2026-08-10 21:32:10,224.80,49.86,-106,0
2026-08-10 21:32:12,229.50,49.85,-106,0
2026-08-10 21:32:14,226.60,49.81,-106,0
2026-08-10 21:32:16,227.90,51.37,-106,0
2026-08-10 21:32:18,225.10,53.36,-109,1
2026-08-10 21:32:20,217.10,50.00,-109,0
2026-08-10 21:32:22,227.10,49.87,-109,0
2026-08-10 21:32:24,226.80,49.83,-109,0
2026-08-10 21:32:26,224.40,49.93,-109,0
2026-08-10 21:32:28,228.50,52.22,-109,1
2026-08-10 21:32:30,226.10,49.72,-109,0
2026-08-10 21:32:32,228.00,51.51,-109,1
2026-08-10 21:32:34,226.50,50.00,-106,0
2026-08-10 21:32:36,224.20,49.47,-106,0
2026-08-10 21:32:38,223.20,52.19,-106,1
2026-08-10 21:32:40,226.00,49.85,-106,0
2026-08-10 21:32:42,230.50,50.10,-107,0
2026-08-10 21:32:44,225.50,50.95,-107,0
2026-08-10 21:32:46,228.80,54.69,-107,1
2026-08-10 21:32:48,225.60,50.23,-107,0
2026-08-10 21:32:50,219.90,50.46,-107,0
2026-08-10 21:32:52,227.90,49.82,-107,0
2026-08-10 21:32:54,230.90,50.00,-111,0
2026-08-10 21:32:56,225.90,50.20,-111,0
2026-08-10 21:32:58,231.90,53.40,-111,1
2026-08-10 21:33:00,226.70,51.92,-109,1
2026-08-10 21:33:02,224.30,49.82,-109,0
2026-08-10 21:33:04,226.40,50.12,-109,0
2026-08-10 21:33:06,226.00,49.82,-108,0
2026-08-10 21:33:08,231.90,49.34,-108,0
2026-08-10 21:33:10,226.00,50.60,-108,0
2026-08-10 21:33:12,212.00,50.25,-109,0
2026-08-10 21:33:14,226.80,52.74,-109,1
2026-08-10 21:33:16,229.30,50.39,-109,0
2026-08-10 21:33:18,228.60,49.82,-109,0
2026-08-10 21:33:20,230.70,48.07,-110,1
2026-08-10 21:33:22,226.50,49.81,-110,0
2026-08-10 21:33:24,225.80,49.72,-110,0
2026-08-10 21:33:26,224.90,54.46,-110,1
2026-08-10 21:33:28,228.10,51.65,-110,1
2026-08-10 21:33:30,228.30,49.77,-109,0
2026-08-10 21:33:32,223.00,49.89,-109,0
2026-08-10 21:33:34,228.70,49.85,-109,0
2026-08-10 21:33:36,227.30,50.58,-110,0
2026-08-10 21:33:38,231.80,48.41,-110,1
2026-08-10 21:33:40,228.20,49.86,-110,0
2026-08-10 21:33:42,223.80,55.08,-107,1
2026-08-10 21:33:44,227.90,52.13,-107,1
2026-08-10 21:33:46,230.80,50.18,-107,0
2026-08-10 21:33:48,227.70,49.84,-107,0
2026-08-10 21:33:50,226.90,50.23,-107,0
2026-08-10 21:33:52,227.50,50.15,-107,0
2026-08-10 21:33:54,225.00,49.89,-107,0
2026-08-10 21:33:56,229.00,50.23,-109,0
2026-08-10 21:33:58,226.90,49.41,-109,0
2026-08-10 21:34:00,227.60,49.91,-109,0
2026-08-10 21:34:02,230.50,50.00,-102,0
2026-08-10 21:34:04,227.30,50.20,-102,0
2026-08-10 21:34:06,226.80,49.85,-102,0
2026-08-10 21:34:08,227.80,50.10,-102,0
2026-08-10 21:34:10,229.90,52.12,-106,1
2026-08-10 21:34:12,223.50,50.00,-106,0
2026-08-10 21:34:14,228.40,50.00,-106,0
2026-08-10 21:34:16,229.00,51.25,-107,0
2026-08-10 21:34:18,226.60,50.40,-107,0
2026-08-10 21:34:20,231.10,53.37,-107,1
2026-08-10 21:34:22,227.60,57.11,-107,1
2026-08-10 21:34:24,228.90,49.46,-107,0
2026-08-10 21:34:26,226.80,49.81,-107,0
2026-08-10 21:34:28,228.00,49.82,-107,0
2026-08-10 21:34:30,227.20,49.85,-107,0
2026-08-10 21:34:32,228.70,49.71,-106,0
2026-08-10 21:34:34,226.10,49.74,-106,0
2026-08-10 21:34:36,233.40,48.49,-106,1
2026-08-10 21:34:38,230.40,50.43,-106,0
2026-08-10 21:34:40,227.10,49.84,-105,0
2026-08-10 21:34:42,231.40,50.15,-105,0
2026-08-10 21:34:44,227.70,49.84,-105,0
2026-08-10 21:34:46,229.80,50.22,-102,0
2026-08-10 21:34:48,227.30,50.00,-102,0
2026-08-10 21:34:50,226.80,49.88,-102,0
2026-08-10 21:34:52,227.90,50.20,-101,0
2026-08-10 21:34:54,225.60,50.78,-101,0
2026-08-10 21:34:56,227.00,53.38,-101,1
2026-08-10 21:34:58,218.40,55.90,-105,1
2026-08-10 21:35:00,227.10,49.84,-105,0
2026-08-10 21:35:02,226.30,50.17,-105,0
2026-08-10 21:35:04,230.00,49.84,-105,0
2026-08-10 21:35:06,226.50,50.21,-109,0
2026-08-10 21:35:08,226.80,49.93,-109,0
2026-08-10 21:35:10,230.90,49.84,-109,0
2026-08-10 21:35:12,222.90,48.93,-107,0
2026-08-10 21:35:14,229.20,51.91,-107,1
2026-08-10 21:35:16,223.40,54.79,-107,1
2026-08-10 21:35:18,227.50,49.86,-104,0
2026-08-10 21:35:20,228.90,50.13,-104,0
2026-08-10 21:35:22,227.50,50.21,-104,0
2026-08-10 21:35:24,230.50,51.53,-107,1
2026-08-10 21:35:26,228.80,49.84,-107,0
2026-08-10 21:35:28,231.60,50.02,-107,0
2026-08-10 21:35:30,229.30,52.58,-107,1
2026-08-10 21:35:32,231.90,55.52,-107,1
2026-08-10 21:35:34,226.90,50.00,-106,0
2026-08-10 21:35:36,226.80,50.00,-106,0
2026-08-10 21:35:38,226.80,50.27,-106,0
2026-08-10 21:35:40,230.40,49.74,-107,0
2026-08-10 21:35:42,227.50,54.81,-107,1
2026-08-10 21:35:44,227.70,50.58,-107,0
2026-08-10 21:35:46,227.50,50.26,-107,0
2026-08-10 21:35:48,228.90,50.59,-105,0
2026-08-10 21:35:50,226.30,50.17,-105,0
2026-08-10 21:35:52,228.30,51.74,-105,1
2026-08-10 21:35:54,225.60,52.78,-106,1
2026-08-10 21:35:56,226.70,49.86,-106,0
2026-08-10 21:35:58,225.70,50.00,-106,0
2026-08-10 21:36:00,228.50,50.09,-106,0
2026-08-10 21:36:02,229.60,49.82,-106,0
2026-08-10 21:36:04,227.80,50.24,-106,0
2026-08-10 21:36:06,230.50,51.49,-104,0
2026-08-10 21:36:08,230.00,50.28,-104,0
2026-08-10 21:36:10,225.20,49.83,-104,0
2026-08-10 21:36:12,228.90,50.19,-106,0
2026-08-10 21:36:14,227.40,50.22,-106,0
2026-08-10 21:36:16,227.70,52.36,-106,1
2026-08-10 21:36:18,226.30,49.83,-105,0
2026-08-10 21:36:20,224.90,49.88,-105,0
2026-08-10 21:36:22,228.60,51.72,-105,1
2026-08-10 21:36:24,218.30,50.25,-104,0
2026-08-10 21:36:26,227.40,50.96,-104,0
2026-08-10 21:36:28,222.90,50.00,-104,0
2026-08-10 21:36:30,229.10,50.34,-104,0
2026-08-10 21:36:32,225.90,50.01,-104,0
2026-08-10 21:36:34,228.70,50.21,-104,0
2026-08-10 21:36:36,232.00,54.42,-105,1
2026-08-10 21:36:38,227.00,49.96,-105,0
2026-08-10 21:36:40,228.00,50.22,-105,0
2026-08-10 21:36:42,224.60,50.54,-107,0
2026-08-10 21:36:44,225.50,54.50,-107,1
2026-08-10 21:36:46,229.50,50.17,-107,0
2026-08-10 21:36:48,228.50,50.28,-105,0
2026-08-10 21:36:50,229.30,49.95,-105,0
2026-08-10 21:36:52,227.50,50.21,-105,0
2026-08-10 21:36:54,233.60,51.45,-102,0
2026-08-10 21:36:56,230.30,50.20,-102,0
2026-08-10 21:36:58,217.90,51.92,-102,1
2026-08-10 21:37:00,227.60,50.54,-104,0
2026-08-10 21:37:02,225.90,50.08,-104,0
2026-08-10 21:37:04,227.90,49.86,-104,0
2026-08-10 21:37:06,224.10,53.20,-108,1
2026-08-10 21:37:08,225.10,49.83,-108,0
2026-08-10 21:37:10,228.20,49.99,-108,0
2026-08-10 21:37:12,225.90,50.21,-107,0
2026-08-10 21:37:14,227.40,51.33,-107,0
2026-08-10 21:37:16,229.40,50.45,-107,0
2026-08-10 21:37:18,227.80,49.83,-107,0
2026-08-10 21:37:20,230.30,50.46,-107,0
2026-08-10 21:37:22,228.10,50.56,-107,0
2026-08-10 21:37:24,231.20,55.85,-107,1
2026-08-10 21:37:26,228.20,49.85,-113,0
2026-08-10 21:37:28,230.90,50.87,-113,0
2026-08-10 21:37:30,227.10,50.21,-113,0
2026-08-10 21:37:32,229.10,52.10,-113,1
2026-08-10 21:37:34,226.60,50.17,-113,0
2026-08-10 21:37:36,220.40,49.88,-106,0
2026-08-10 21:37:38,226.60,50.15,-106,0
2026-08-10 21:37:40,223.80,49.73,-106,0
2026-08-10 21:37:42,230.00,54.63,-109,1
2026-08-10 21:37:44,228.70,49.86,-109,0
2026-08-10 21:37:46,234.60,49.50,-109,0
2026-08-10 21:37:48,226.10,49.92,-110,0
2026-08-10 21:37:50,227.70,50.19,-110,0
2026-08-10 21:37:52,223.70,53.86,-110,1
2026-08-10 21:37:54,229.10,50.19,-105,0
2026-08-10 21:37:56,224.30,49.71,-105,0
2026-08-10 21:37:58,223.10,50.27,-105,0
2026-08-10 21:38:00,228.90,50.24,-105,0
2026-08-10 21:38:02,221.30,51.56,-105,1
2026-08-10 21:38:04,229.00,56.78,-105,1
2026-08-10 21:38:06,219.00,49.59,-105,0
2026-08-10 21:38:08,229.40,50.02,-106,0
2026-08-10 21:38:10,219.70,49.97,-106,0
2026-08-10 21:38:12,228.10,50.24,-106,0
2026-08-10 21:38:14,226.10,55.75,-107,1
2026-08-10 21:38:16,230.80,50.16,-107,0
2026-08-10 21:38:18,226.60,49.84,-107,0
2026-08-10 21:38:20,230.00,50.00,-107,0
2026-08-10 21:38:22,228.20,50.06,-106,0
2026-08-10 21:38:24,227.50,53.23,-106,1
2026-08-10 21:38:26,226.60,50.20,-106,0
2026-08-10 21:38:28,222.30,50.10,-104,0
2026-08-10 21:38:30,227.30,50.21,-104,0
2026-08-10 21:38:32,225.90,50.11,-104,0
2026-08-10 21:38:34,226.10,50.50,-104,0
2026-08-10 21:38:36,220.00,56.37,-104,1
2026-08-10 21:38:38,227.80,49.84,-104,0
2026-08-10 21:38:40,220.20,50.02,-106,0
2026-08-10 21:38:42,227.40,49.92,-106,0
2026-08-10 21:38:44,225.50,50.12,-106,0
2026-08-10 21:38:46,230.10,49.13,-109,0
2026-08-10 21:38:48,229.90,49.86,-109,0
2026-08-10 21:38:50,231.60,48.50,-109,0
2026-08-10 21:38:52,228.50,49.88,-107,0
2026-08-10 21:38:54,223.00,51.17,-107,0
2026-08-10 21:38:56,229.30,50.21,-107,0
2026-08-10 21:38:58,228.30,50.59,-111,0
2026-08-10 21:39:00,225.90,50.38,-111,0
2026-08-10 21:39:02,228.80,54.62,-111,1
2026-08-10 21:39:04,227.40,50.22,-111,0
2026-08-10 21:39:06,231.30,51.08,-110,0
2026-08-10 21:39:08,228.00,53.07,-110,1
2026-08-10 21:39:10,222.30,50.38,-110,0
2026-08-10 21:39:12,226.40,50.40,-110,0
2026-08-10 21:39:14,231.30,51.68,-103,1
2026-08-10 21:39:16,227.10,51.24,-103,0
2026-08-10 21:39:18,228.00,50.26,-103,0
2026-08-10 21:39:20,227.20,51.37,-103,0
2026-08-10 21:39:22,227.40,49.71,-103,0
2026-08-10 21:39:24,232.20,51.04,-103,0
2026-08-10 21:39:26,227.50,50.46,-103,0
2026-08-10 21:39:28,229.60,53.93,-105,1
2026-08-10 21:39:30,225.80,50.28,-105,0
2026-08-10 21:39:32,224.40,50.00,-105,0
2026-08-10 21:39:34,228.00,50.49,-105,0
2026-08-10 21:39:36,230.90,49.77,-105,0
2026-08-10 21:39:38,229.40,50.43,-105,0
2026-08-10 21:39:40,231.10,48.09,-105,1
2026-08-10 21:39:42,223.70,50.33,-105,0
2026-08-10 21:39:44,226.90,50.01,-107,0
2026-08-10 21:39:46,232.80,57.35,-107,1
2026-08-10 21:39:48,224.80,50.29,-107,0
2026-08-10 21:39:50,228.50,49.77,-107,0
2026-08-10 21:39:52,228.50,53.21,-107,1
2026-08-10 21:39:54,225.90,50.38,-107,0
2026-08-10 21:39:56,229.00,50.10,-107,0
2026-08-10 21:39:58,229.70,49.31,-105,0
2026-08-10 21:40:00,228.30,49.98,-105,0
2026-08-10 21:40:02,230.70,50.24,-105,0
2026-08-10 21:40:04,226.50,49.84,-105,0
2026-08-10 21:40:06,224.20,50.24,-107,0
2026-08-10 21:40:08,228.40,50.26,-107,0
2026-08-10 21:40:10,228.00,50.21,-107,0
2026-08-10 21:40:12,226.10,50.27,-105,0
2026-08-10 21:40:14,229.50,50.90,-105,0
2026-08-10 21:40:16,229.20,50.75,-105,0
2026-08-10 21:40:18,230.40,49.85,-105,0
2026-08-10 21:40:20,232.90,51.14,-105,0
2026-08-10 21:40:22,227.90,50.18,-105,0
2026-08-10 21:40:24,226.20,50.05,-105,0
2026-08-10 21:40:26,226.70,54.32,-104,1
2026-08-10 21:40:28,229.80,50.24,-104,0
2026-08-10 21:40:30,229.00,50.22,-104,0
2026-08-10 21:40:32,226.00,56.33,-104,1
2026-08-10 21:40:34,227.60,50.22,-104,0
2026-08-10 21:40:36,230.00,51.10,-104,0
2026-08-10 21:40:38,230.70,50.68,-104,0
2026-08-10 21:40:40,228.10,50.18,-103,0
2026-08-10 21:40:42,227.20,52.80,-103,1
2026-08-10 21:40:44,229.00,50.22,-103,0
2026-08-10 21:40:46,223.60,50.05,-103,0
2026-08-10 21:40:48,227.00,55.19,-103,1
2026-08-10 21:40:50,226.70,49.81,-104,0
2026-08-10 21:40:52,228.10,49.84,-104,0
2026-08-10 21:40:54,227.80,56.63,-104,1
2026-08-10 21:40:56,228.30,50.05,-103,0
2026-08-10 21:40:58,223.20,50.17,-103,0
2026-08-10 21:41:00,230.70,50.94,-103,0
2026-08-10 21:41:02,230.60,50.69,-103,0
2026-08-10 21:41:04,226.50,50.38,-102,0
2026-08-10 21:41:06,228.50,50.13,-102,0
2026-08-10 21:41:08,222.70,50.32,-102,0
2026-08-10 21:41:10,225.50,50.20,-104,0
2026-08-10 21:41:12,228.20,50.10,-104,0
2026-08-10 21:41:14,225.90,49.80,-104,0
2026-08-10 21:41:16,232.20,49.81,-103,0
2026-08-10 21:41:18,227.70,50.03,-103,0
2026-08-10 21:41:20,225.30,49.96,-103,0
2026-08-10 21:41:22,229.70,53.86,-103,1
2026-08-10 21:41:24,231.00,50.59,-103,0
2026-08-10 21:41:26,231.50,48.75,-103,0
2026-08-10 21:41:28,227.70,50.13,-103,0
2026-08-10 21:41:30,224.70,56.75,-111,1
2026-08-10 21:41:32,227.80,50.19,-111,0
2026-08-10 21:41:34,224.50,50.33,-111,0
2026-08-10 21:41:36,228.00,49.69,-111,0
2026-08-10 21:41:38,225.00,49.71,-111,0
2026-08-10 21:41:40,228.00,50.14,-111,0
2026-08-10 21:41:42,231.40,56.66,-111,1
2026-08-10 21:41:44,227.30,49.99,-111,0
2026-08-10 21:41:46,225.70,49.99,-111,0
2026-08-10 21:41:48,230.60,56.54,-111,1
2026-08-10 21:41:50,225.00,51.34,-111,0
2026-08-10 21:41:52,225.60,50.31,-111,0
2026-08-10 21:41:54,225.80,50.56,-111,0
2026-08-10 21:41:56,223.60,50.18,-111,0
2026-08-10 21:41:58,226.10,49.46,-111,0
2026-08-10 21:42:00,228.70,49.79,-111,0
2026-08-10 21:42:02,227.40,55.93,-114,1
2026-08-10 21:42:04,233.10,51.95,-114,1
2026-08-10 21:42:06,225.90,50.00,-114,0
2026-08-10 21:42:08,220.80,49.76,-114,0
2026-08-10 21:42:10,223.10,49.87,-114,0
2026-08-10 21:42:12,226.40,49.82,-114,0
2026-08-10 21:42:14,226.90,56.37,-114,1
2026-08-10 21:42:16,228.30,49.31,-108,0
2026-08-10 21:42:18,227.10,49.80,-108,0
2026-08-10 21:42:20,227.50,49.83,-108,0
2026-08-10 21:42:22,233.20,56.83,-106,1
2026-08-10 21:42:24,228.00,50.18,-106,0
2026-08-10 21:42:26,233.90,47.92,-106,1
2026-08-10 21:42:28,225.30,49.79,-106,0
2026-08-10 21:42:30,218.80,49.93,-107,0
2026-08-10 21:42:32,225.60,49.71,-107,0
2026-08-10 21:42:34,228.90,50.68,-107,0
2026-08-10 21:42:36,225.50,50.93,-107,0
2026-08-10 21:42:38,225.80,49.85,-107,0
2026-08-10 21:42:40,228.40,50.41,-107,0
2026-08-10 21:42:42,226.40,56.48,-107,1
2026-08-10 21:42:44,229.40,49.96,-109,0
2026-08-10 21:42:46,227.80,49.84,-109,0
2026-08-10 21:42:48,227.70,51.26,-109,0
2026-08-10 21:42:50,225.50,50.22,-105,0
2026-08-10 21:42:52,216.30,55.19,-105,1
2026-08-10 21:42:54,228.90,50.52,-105,0
2026-08-10 21:42:56,228.30,49.90,-105,0
2026-08-10 21:42:58,227.60,50.03,-105,0
2026-08-10 21:43:00,224.90,50.00,-110,0
2026-08-10 21:43:02,230.90,50.15,-110,0
2026-08-10 21:43:04,226.10,49.85,-110,0
2026-08-10 21:43:06,224.10,50.11,-107,0
2026-08-10 21:43:08,225.70,49.81,-107,0
2026-08-10 21:43:10,229.40,54.02,-107,1
2026-08-10 21:43:12,226.60,50.21,-107,0
2026-08-10 21:43:14,231.30,49.54,-105,0
2026-08-10 21:43:16,226.20,49.83,-105,0
2026-08-10 21:43:18,224.00,49.84,-105,0
2026-08-10 21:43:20,226.80,49.38,-106,0
2026-08-10 21:43:22,228.50,49.85,-106,0
2026-08-10 21:43:24,230.40,50.46,-106,0
2026-08-10 21:43:26,226.00,49.83,-102,0
2026-08-10 21:43:28,226.30,56.36,-102,1
2026-08-10 21:43:30,228.70,53.21,-102,1
2026-08-10 21:43:32,227.20,51.21,-102,0
2026-08-10 21:43:34,228.40,49.84,-106,0
2026-08-10 21:43:36,234.80,48.26,-106,1
2026-08-10 21:43:38,226.80,50.07,-106,0
2026-08-10 21:43:40,229.10,49.72,-104,0
2026-08-10 21:43:42,227.40,49.73,-104,0
2026-08-10 21:43:44,225.80,49.82,-104,0
2026-08-10 21:43:46,219.80,49.94,-107,0
2026-08-10 21:43:48,226.90,49.49,-107,0
2026-08-10 21:43:50,229.20,50.36,-107,0
2026-08-10 21:43:52,226.00,49.78,-107,0
2026-08-10 21:43:54,220.60,49.95,-103,0
2026-08-10 21:43:56,227.80,50.13,-103,0
2026-08-10 21:43:58,227.80,49.89,-103,0
2026-08-10 21:44:00,228.20,56.61,-103,1
2026-08-10 21:44:02,229.40,56.65,-103,1
2026-08-10 21:44:04,227.90,54.67,-103,1
2026-08-10 21:44:06,230.00,49.85,-103,0
2026-08-10 21:44:08,228.10,54.34,-103,1
2026-08-10 21:44:10,224.60,51.60,-104,1
2026-08-10 21:44:12,222.70,50.15,-104,0
2026-08-10 21:44:14,225.30,49.74,-104,0
2026-08-10 21:44:16,229.60,50.15,-104,0
2026-08-10 21:44:18,225.70,49.83,-104,0
2026-08-10 21:44:20,222.70,50.16,-104,0
2026-08-10 21:44:22,226.20,49.86,-104,0
2026-08-10 21:44:24,231.30,49.43,-103,0
2026-08-10 21:44:26,226.40,49.94,-103,0
2026-08-10 21:44:28,228.70,50.00,-103,0
2026-08-10 21:44:30,229.20,49.95,-107,0
2026-08-10 21:44:32,225.80,51.04,-107,0
2026-08-10 21:44:34,221.80,49.93,-107,0
2026-08-10 21:44:36,227.30,50.19,-108,0
2026-08-10 21:44:38,231.70,50.30,-108,0
2026-08-10 21:44:40,227.10,49.87,-108,0
2026-08-10 21:44:42,224.70,50.17,-105,0
2026-08-10 21:44:44,228.80,49.82,-105,0
2026-08-10 21:44:46,225.60,50.17,-105,0
2026-08-10 21:44:48,226.40,50.23,-106,0
2026-08-10 21:44:50,231.30,49.56,-106,0
2026-08-10 21:44:52,228.00,51.03,-106,0
2026-08-10 21:44:54,227.60,53.75,-105,1
2026-08-10 21:44:56,228.20,56.95,-105,1
2026-08-10 21:44:58,226.30,50.18,-105,0
2026-08-10 21:45:00,231.40,50.15,-105,0
2026-08-10 21:45:02,225.60,49.81,-105,0
2026-08-10 21:45:04,222.30,50.02,-105,0
2026-08-10 21:45:06,226.70,50.19,-106,0
2026-08-10 21:45:08,223.30,49.99,-106,0
2026-08-10 21:45:10,227.50,49.82,-106,0
2026-08-10 21:45:12,232.50,49.10,-105,0
2026-08-10 21:45:14,228.50,51.38,-105,0
2026-08-10 21:45:16,225.60,51.34,-105,0
2026-08-10 21:45:18,226.60,54.91,-106,1
2026-08-10 21:45:20,223.00,55.22,-106,1
2026-08-10 21:45:22,229.80,50.44,-106,0
2026-08-10 21:45:24,226.40,50.55,-109,0
2026-08-10 21:45:26,225.50,49.79,-109,0
2026-08-10 21:45:28,228.10,49.85,-109,0
2026-08-10 21:45:30,225.50,50.07,-105,0
2026-08-10 21:45:32,226.90,50.00,-105,0
2026-08-10 21:45:34,235.00,50.70,-105,0
2026-08-10 21:45:36,226.10,49.85,-104,0
2026-08-10 21:45:38,227.40,49.76,-104,0
2026-08-10 21:45:40,226.90,50.13,-104,0
2026-08-10 21:45:42,230.10,49.86,-104,0
2026-08-10 21:45:44,232.30,50.18,-108,0
2026-08-10 21:45:46,229.40,49.66,-108,0
2026-08-10 21:45:48,228.30,50.31,-108,0
2026-08-10 21:45:50,227.40,49.84,-108,0
2026-08-10 21:45:52,223.60,49.76,-108,0
2026-08-10 21:45:54,227.60,49.50,-108,0
2026-08-10 21:45:56,225.40,50.72,-109,0
2026-08-10 21:45:58,226.10,50.21,-109,0
2026-08-10 21:46:00,234.00,48.25,-109,1
2026-08-10 21:46:02,228.50,50.54,-109,0
2026-08-10 21:46:04,223.80,52.77,-109,1
2026-08-10 21:46:06,224.90,55.33,-104,1
2026-08-10 21:46:08,228.80,50.20,-104,0
2026-08-10 21:46:10,230.50,50.25,-104,0
2026-08-10 21:46:12,227.80,50.00,-108,0
2026-08-10 21:46:14,226.30,49.91,-108,0
2026-08-10 21:46:16,226.70,50.22,-108,0
2026-08-10 21:46:18,223.80,49.96,-108,0
2026-08-10 21:46:20,226.90,49.85,-108,0
2026-08-10 21:46:22,230.50,49.57,-108,0
2026-08-10 21:46:24,227.90,50.37,-108,0
2026-08-10 21:46:26,226.90,49.98,-107,0
2026-08-10 21:46:28,227.00,49.87,-107,0
2026-08-10 21:46:30,225.50,50.04,-107,0
2026-08-10 21:46:32,227.50,50.09,-110,0
2026-08-10 21:46:34,231.00,54.28,-110,1
2026-08-10 21:46:36,222.80,50.21,-110,0
2026-08-10 21:46:38,225.30,50.88,-110,0
2026-08-10 21:46:40,231.70,52.32,-109,1
2026-08-10 21:46:42,228.70,53.57,-109,1
2026-08-10 21:46:44,229.00,54.28,-109,1
2026-08-10 21:46:46,226.60,55.25,-113,1
2026-08-10 21:46:48,223.30,55.88,-113,1
2026-08-10 21:46:50,225.50,56.36,-113,1
2026-08-10 21:46:52,227.10,50.21,-107,0
2026-08-10 21:46:54,223.00,50.33,-107,0
2026-08-10 21:46:56,227.40,49.75,-107,0
2026-08-10 21:46:58,230.70,49.67,-107,0
2026-08-10 21:47:00,228.50,49.83,-107,0
2026-08-10 21:47:02,228.10,50.12,-107,0
2026-08-10 21:47:04,227.40,50.11,-107,0
2026-08-10 21:47:06,223.90,49.98,-107,0
2026-08-10 21:47:08,226.90,50.00,-106,0
2026-08-10 21:47:10,235.30,49.70,-106,0
2026-08-10 21:47:12,227.70,49.85,-106,0
2026-08-10 21:47:14,222.90,49.78,-106,0
2026-08-10 21:47:16,226.80,50.78,-107,0
2026-08-10 21:47:18,230.20,49.90,-107,0
2026-08-10 21:47:20,228.80,53.39,-107,1
2026-08-10 21:47:22,226.00,55.13,-101,1
2026-08-10 21:47:24,230.50,50.32,-101,0
2026-08-10 21:47:26,226.90,50.54,-101,0
2026-08-10 21:47:28,226.50,50.06,-104,0
2026-08-10 21:47:30,226.10,49.75,-104,0
2026-08-10 21:47:32,223.40,50.21,-104,0
2026-08-10 21:47:34,228.50,50.13,-104,0
2026-08-10 21:47:36,219.40,51.47,-104,0
2026-08-10 21:47:38,228.10,55.31,-104,1
2026-08-10 21:47:40,222.50,49.89,-106,0
2026-08-10 21:47:42,228.60,50.22,-106,0
2026-08-10 21:47:44,227.60,49.73,-106,0
2026-08-10 21:47:46,228.20,50.04,-106,0
2026-08-10 21:47:48,225.60,53.49,-108,1
2026-08-10 21:47:50,229.20,50.28,-108,0
2026-08-10 21:47:52,227.80,49.84,-108,0
2026-08-10 21:47:54,227.50,49.91,-106,0
2026-08-10 21:47:56,227.80,50.02,-106,0
2026-08-10 21:47:58,226.90,49.80,-106,0
2026-08-10 21:48:00,227.80,50.15,-104,0
2026-08-10 21:48:02,224.70,49.63,-104,0
2026-08-10 21:48:04,227.50,49.81,-104,0
